address_id,customer_id,street,city,state,pincode
1,1,572 Main Street,Jaipur,Rajasthan,895587
2,1,572 Main Street,Jaipur,Rajasthan,545352
3,2,785 Main Street,Nagpur,Maharashtra,779646
4,2,591 Main Street,Nagpur,Maharashtra,485351
5,3,720 Main Street,Delhi,Delhi,807557
6,3,438 Main Street,Delhi,Delhi,219159
7,4,185 Main Street,Noida,Uttar Pradesh,686680
8,5,346 Main Street,Jaipur,Rajasthan,799472
9,6,615 Main Street,Bengaluru,Karnataka,574531
10,7,925 Main Street,Hyderabad,Telangana,440463
11,7,564 Main Street,Hyderabad,Telangana,450424
12,8,423 Main Street,Hyderabad,Telangana,911305
13,8,649 Main Street,Hyderabad,Telangana,561504
14,9,332 Main Street,Kochi,Kerala,747967
15,9,247 Main Street,Kochi,Kerala,700500
16,10,385 Main Street,Chennai,Tamil Nadu,912903
17,11,763 Main Street,Delhi,Delhi,376431
18,12,464 Main Street,Ahmedabad,Gujarat,579237
19,13,1 Main Street,Mumbai,Maharashtra,871594
20,13,36 Main Street,Mumbai,Maharashtra,408301
21,14,531 Main Street,Kochi,Kerala,251647
22,15,310 Main Street,Gurugram,Haryana,116887
23,15,308 Main Street,Gurugram,Haryana,342665
24,16,323 Main Street,Jaipur,Rajasthan,132755
25,17,966 Main Street,Ahmedabad,Gujarat,833222
26,17,843 Main Street,Ahmedabad,Gujarat,399362
27,18,524 Main Street,Delhi,Delhi,693347
28,18,585 Main Street,Delhi,Delhi,709378
29,19,39 Main Street,Nashik,Maharashtra,592732
30,20,142 Main Street,Mumbai,Maharashtra,387860
31,21,597 Main Street,Indore,Madhya Pradesh,371993
32,22,831 Main Street,Gurugram,Haryana,424889
33,23,410 Main Street,Bengaluru,Karnataka,706707
34,24,752 Main Street,Chennai,Tamil Nadu,190951
35,24,741 Main Street,Chennai,Tamil Nadu,450464
36,25,178 Main Street,Nashik,Maharashtra,621994
37,25,846 Main Street,Nashik,Maharashtra,833092
38,26,840 Main Street,Mumbai,Maharashtra,209996
39,26,610 Main Street,Mumbai,Maharashtra,783452
40,27,749 Main Street,Jaipur,Rajasthan,957607
41,28,81 Main Street,Ahmedabad,Gujarat,928017
42,29,790 Main Street,Kochi,Kerala,460632
43,30,837 Main Street,Noida,Uttar Pradesh,565401
44,31,889 Main Street,Bengaluru,Karnataka,236395
45,32,233 Main Street,Chennai,Tamil Nadu,893997
46,32,669 Main Street,Chennai,Tamil Nadu,741559
47,33,650 Main Street,Pune,Maharashtra,925182
48,33,648 Main Street,Pune,Maharashtra,511066
49,34,537 Main Street,Nashik,Maharashtra,153182
50,35,579 Main Street,Kolkata,West Bengal,266846
51,36,715 Main Street,Gurugram,Haryana,341522
52,37,690 Main Street,Kochi,Kerala,877115
53,38,995 Main Street,Ahmedabad,Gujarat,577262
54,38,771 Main Street,Ahmedabad,Gujarat,734041
55,39,93 Main Street,Kolkata,West Bengal,342873
56,40,806 Main Street,Gurugram,Haryana,523477
57,41,345 Main Street,Ahmedabad,Gujarat,196554
58,42,764 Main Street,Chennai,Tamil Nadu,161706
59,43,269 Main Street,Jaipur,Rajasthan,199211
60,44,445 Main Street,Nashik,Maharashtra,921414
61,45,781 Main Street,Noida,Uttar Pradesh,251422
62,45,493 Main Street,Noida,Uttar Pradesh,696464
63,46,405 Main Street,Chennai,Tamil Nadu,793932
64,47,575 Main Street,Kochi,Kerala,755919
65,48,537 Main Street,Jaipur,Rajasthan,368207
66,48,249 Main Street,Jaipur,Rajasthan,185124
67,49,441 Main Street,Indore,Madhya Pradesh,449121
68,50,590 Main Street,Gurugram,Haryana,203946
69,50,116 Main Street,Gurugram,Haryana,814378
70,51,375 Main Street,Delhi,Delhi,475227
71,52,353 Main Street,Chennai,Tamil Nadu,732725
72,53,789 Main Street,Pune,Maharashtra,429625
73,53,174 Main Street,Pune,Maharashtra,476704
74,54,823 Main Street,Pune,Maharashtra,573690
75,55,452 Main Street,Nagpur,Maharashtra,157057
76,56,240 Main Street,Kochi,Kerala,319385
77,56,702 Main Street,Kochi,Kerala,501979
78,57,746 Main Street,Jaipur,Rajasthan,199982
79,58,56 Main Street,Indore,Madhya Pradesh,364854
80,59,949 Main Street,Nashik,Maharashtra,264850
81,59,890 Main Street,Nashik,Maharashtra,982881
82,60,15 Main Street,Mumbai,Maharashtra,469946
83,60,711 Main Street,Mumbai,Maharashtra,953349
84,61,461 Main Street,Chennai,Tamil Nadu,604078
85,62,215 Main Street,Bengaluru,Karnataka,885959
86,63,209 Main Street,Mumbai,Maharashtra,682967
87,64,265 Main Street,Noida,Uttar Pradesh,685458
88,65,748 Main Street,Pune,Maharashtra,258213
89,66,685 Main Street,Kochi,Kerala,129281
90,66,386 Main Street,Kochi,Kerala,721324
91,67,540 Main Street,Ahmedabad,Gujarat,155594
92,67,262 Main Street,Ahmedabad,Gujarat,288593
93,68,206 Main Street,Pune,Maharashtra,937524
94,69,278 Main Street,Hyderabad,Telangana,165663
95,69,477 Main Street,Hyderabad,Telangana,796563
96,70,69 Main Street,Nashik,Maharashtra,517523
97,70,677 Main Street,Nashik,Maharashtra,394489
98,71,935 Main Street,Bengaluru,Karnataka,802165
99,71,369 Main Street,Bengaluru,Karnataka,223132
100,72,889 Main Street,Ahmedabad,Gujarat,790956
101,73,390 Main Street,Noida,Uttar Pradesh,643243
102,74,102 Main Street,Indore,Madhya Pradesh,440779
103,74,497 Main Street,Indore,Madhya Pradesh,736111
104,75,191 Main Street,Kochi,Kerala,318535
105,76,469 Main Street,Kolkata,West Bengal,697923
106,77,23 Main Street,Bengaluru,Karnataka,151683
107,77,254 Main Street,Bengaluru,Karnataka,665132
108,78,502 Main Street,Indore,Madhya Pradesh,522509
109,79,19 Main Street,Bengaluru,Karnataka,473625
110,79,701 Main Street,Bengaluru,Karnataka,479007
111,80,310 Main Street,Jaipur,Rajasthan,357678
112,81,514 Main Street,Indore,Madhya Pradesh,399279
113,81,832 Main Street,Indore,Madhya Pradesh,175021
114,82,900 Main Street,Bengaluru,Karnataka,515977
115,83,835 Main Street,Jaipur,Rajasthan,140897
116,83,967 Main Street,Jaipur,Rajasthan,691896
117,84,231 Main Street,Delhi,Delhi,269077
118,84,350 Main Street,Delhi,Delhi,521929
119,85,90 Main Street,Indore,Madhya Pradesh,875344
120,85,392 Main Street,Indore,Madhya Pradesh,656012
121,86,628 Main Street,Ahmedabad,Gujarat,765910
122,86,703 Main Street,Ahmedabad,Gujarat,348475
123,87,587 Main Street,Bengaluru,Karnataka,270169
124,88,320 Main Street,Nashik,Maharashtra,744775
125,89,556 Main Street,Noida,Uttar Pradesh,248173
126,90,142 Main Street,Nashik,Maharashtra,719254
127,91,820 Main Street,Mumbai,Maharashtra,322137
128,92,317 Main Street,Delhi,Delhi,831978
129,92,723 Main Street,Delhi,Delhi,659249
130,93,441 Main Street,Pune,Maharashtra,917455
131,93,149 Main Street,Pune,Maharashtra,798108
132,94,940 Main Street,Nashik,Maharashtra,275725
133,94,326 Main Street,Nashik,Maharashtra,181108
134,95,972 Main Street,Kochi,Kerala,864388
135,96,326 Main Street,Delhi,Delhi,990303
136,97,745 Main Street,Bengaluru,Karnataka,140915
137,97,784 Main Street,Bengaluru,Karnataka,444168
138,98,424 Main Street,Kochi,Kerala,541228
139,98,311 Main Street,Kochi,Kerala,574523
140,99,842 Main Street,Bengaluru,Karnataka,777782
141,99,956 Main Street,Bengaluru,Karnataka,884205
142,100,798 Main Street,Ahmedabad,Gujarat,307062
143,101,190 Main Street,Noida,Uttar Pradesh,137470
144,102,627 Main Street,Mumbai,Maharashtra,756915
145,102,274 Main Street,Mumbai,Maharashtra,745022
146,103,237 Main Street,Noida,Uttar Pradesh,735329
147,104,704 Main Street,Jaipur,Rajasthan,137351
148,105,705 Main Street,Pune,Maharashtra,927707
149,106,515 Main Street,Hyderabad,Telangana,997240
150,107,730 Main Street,Nashik,Maharashtra,791121
151,108,873 Main Street,Indore,Madhya Pradesh,516281
152,109,141 Main Street,Noida,Uttar Pradesh,281742
153,110,34 Main Street,Kolkata,West Bengal,538436
154,111,16 Main Street,Gurugram,Haryana,392967
155,111,974 Main Street,Gurugram,Haryana,543108
156,112,688 Main Street,Kolkata,West Bengal,322686
157,113,68 Main Street,Jaipur,Rajasthan,295679
158,113,950 Main Street,Jaipur,Rajasthan,570623
159,114,502 Main Street,Kolkata,West Bengal,831276
160,114,333 Main Street,Kolkata,West Bengal,589770
161,115,438 Main Street,Nashik,Maharashtra,534533
162,115,795 Main Street,Nashik,Maharashtra,153858
163,116,845 Main Street,Gurugram,Haryana,508851
164,117,404 Main Street,Indore,Madhya Pradesh,751209
165,117,962 Main Street,Indore,Madhya Pradesh,888533
166,118,550 Main Street,Delhi,Delhi,660744
167,119,722 Main Street,Indore,Madhya Pradesh,935145
168,120,112 Main Street,Kolkata,West Bengal,583546
169,121,899 Main Street,Indore,Madhya Pradesh,154476
170,122,252 Main Street,Jaipur,Rajasthan,653899
171,122,551 Main Street,Jaipur,Rajasthan,524828
172,123,41 Main Street,Kolkata,West Bengal,694791
173,123,397 Main Street,Kolkata,West Bengal,651198
174,124,986 Main Street,Indore,Madhya Pradesh,161690
175,124,195 Main Street,Indore,Madhya Pradesh,415323
176,125,906 Main Street,Gurugram,Haryana,429348
177,126,293 Main Street,Bengaluru,Karnataka,593757
178,126,171 Main Street,Bengaluru,Karnataka,552983
179,127,942 Main Street,Gurugram,Haryana,167196
180,128,926 Main Street,Hyderabad,Telangana,259149
181,128,475 Main Street,Hyderabad,Telangana,980206
182,129,93 Main Street,Nagpur,Maharashtra,867750
183,130,185 Main Street,Nashik,Maharashtra,926558
184,131,916 Main Street,Gurugram,Haryana,839928
185,132,403 Main Street,Delhi,Delhi,543648
186,133,26 Main Street,Kolkata,West Bengal,297567
187,134,919 Main Street,Hyderabad,Telangana,857251
188,135,904 Main Street,Kochi,Kerala,586769
189,135,93 Main Street,Kochi,Kerala,372230
190,136,665 Main Street,Indore,Madhya Pradesh,856030
191,137,736 Main Street,Gurugram,Haryana,878881
192,137,127 Main Street,Gurugram,Haryana,205620
193,138,461 Main Street,Kolkata,West Bengal,774873
194,139,537 Main Street,Indore,Madhya Pradesh,851635
195,140,811 Main Street,Delhi,Delhi,646521
196,141,164 Main Street,Jaipur,Rajasthan,507073
197,142,45 Main Street,Bengaluru,Karnataka,915579
198,143,344 Main Street,Hyderabad,Telangana,702960
199,144,884 Main Street,Pune,Maharashtra,267380
200,144,167 Main Street,Pune,Maharashtra,261631
201,145,730 Main Street,Hyderabad,Telangana,163802
202,146,317 Main Street,Jaipur,Rajasthan,875630
203,147,457 Main Street,Nashik,Maharashtra,412808
204,147,642 Main Street,Nashik,Maharashtra,299473
205,148,135 Main Street,Gurugram,Haryana,322705
206,149,784 Main Street,Bengaluru,Karnataka,375406
207,150,510 Main Street,Chennai,Tamil Nadu,632864
208,151,6 Main Street,Pune,Maharashtra,747517
209,152,244 Main Street,Indore,Madhya Pradesh,337408
210,152,603 Main Street,Indore,Madhya Pradesh,801505
211,153,420 Main Street,Chennai,Tamil Nadu,573339
212,154,615 Main Street,Kochi,Kerala,116892
213,155,561 Main Street,Ahmedabad,Gujarat,401622
214,156,571 Main Street,Hyderabad,Telangana,969959
215,157,51 Main Street,Kochi,Kerala,303818
216,157,152 Main Street,Kochi,Kerala,167738
217,158,38 Main Street,Hyderabad,Telangana,262436
218,158,875 Main Street,Hyderabad,Telangana,144007
219,159,859 Main Street,Chennai,Tamil Nadu,742590
220,159,306 Main Street,Chennai,Tamil Nadu,457195
221,160,51 Main Street,Indore,Madhya Pradesh,224176
222,160,427 Main Street,Indore,Madhya Pradesh,296906
223,161,292 Main Street,Kochi,Kerala,750774
224,162,717 Main Street,Kochi,Kerala,733870
225,162,587 Main Street,Kochi,Kerala,935551
226,163,990 Main Street,Gurugram,Haryana,587456
227,164,369 Main Street,Mumbai,Maharashtra,147581
228,164,96 Main Street,Mumbai,Maharashtra,915843
229,165,378 Main Street,Nashik,Maharashtra,507346
230,166,777 Main Street,Indore,Madhya Pradesh,558081
231,166,864 Main Street,Indore,Madhya Pradesh,687210
232,167,483 Main Street,Noida,Uttar Pradesh,251081
233,168,881 Main Street,Gurugram,Haryana,397748
234,169,424 Main Street,Jaipur,Rajasthan,660131
235,170,215 Main Street,Nashik,Maharashtra,751784
236,171,586 Main Street,Ahmedabad,Gujarat,875175
237,172,542 Main Street,Delhi,Delhi,201928
238,172,496 Main Street,Delhi,Delhi,869246
239,173,957 Main Street,Bengaluru,Karnataka,936471
240,173,724 Main Street,Bengaluru,Karnataka,411137
241,174,869 Main Street,Nashik,Maharashtra,441862
242,175,589 Main Street,Chennai,Tamil Nadu,763518
243,176,133 Main Street,Bengaluru,Karnataka,754129
244,177,533 Main Street,Pune,Maharashtra,874605
245,178,505 Main Street,Bengaluru,Karnataka,957228
246,179,625 Main Street,Mumbai,Maharashtra,354026
247,180,199 Main Street,Nagpur,Maharashtra,111657
248,180,122 Main Street,Nagpur,Maharashtra,135151
249,181,816 Main Street,Gurugram,Haryana,233654
250,182,213 Main Street,Mumbai,Maharashtra,948403
251,182,631 Main Street,Mumbai,Maharashtra,544773
252,183,342 Main Street,Pune,Maharashtra,476634
253,184,653 Main Street,Jaipur,Rajasthan,332652
254,185,207 Main Street,Bengaluru,Karnataka,833535
255,186,810 Main Street,Delhi,Delhi,181131
256,187,519 Main Street,Noida,Uttar Pradesh,686710
257,188,7 Main Street,Ahmedabad,Gujarat,229366
258,189,350 Main Street,Ahmedabad,Gujarat,525287
259,189,742 Main Street,Ahmedabad,Gujarat,706557
260,190,30 Main Street,Bengaluru,Karnataka,982460
261,191,339 Main Street,Pune,Maharashtra,984329
262,192,689 Main Street,Ahmedabad,Gujarat,612381
263,193,817 Main Street,Chennai,Tamil Nadu,147285
264,193,662 Main Street,Chennai,Tamil Nadu,252348
265,194,643 Main Street,Nashik,Maharashtra,592992
266,195,550 Main Street,Kolkata,West Bengal,461387
267,195,474 Main Street,Kolkata,West Bengal,932072
268,196,951 Main Street,Jaipur,Rajasthan,888656
269,196,58 Main Street,Jaipur,Rajasthan,985671
270,197,579 Main Street,Pune,Maharashtra,870180
271,198,569 Main Street,Kochi,Kerala,671916
272,198,20 Main Street,Kochi,Kerala,328379
273,199,340 Main Street,Gurugram,Haryana,948373
274,200,815 Main Street,Noida,Uttar Pradesh,480771
275,200,68 Main Street,Noida,Uttar Pradesh,266557
276,201,32 Main Street,Mumbai,Maharashtra,465627
277,202,642 Main Street,Mumbai,Maharashtra,670226
278,202,863 Main Street,Mumbai,Maharashtra,284031
279,203,399 Main Street,Ahmedabad,Gujarat,306481
280,204,886 Main Street,Ahmedabad,Gujarat,930347
281,205,723 Main Street,Jaipur,Rajasthan,439776
282,205,727 Main Street,Jaipur,Rajasthan,143164
283,206,89 Main Street,Ahmedabad,Gujarat,631199
284,207,381 Main Street,Gurugram,Haryana,583858
285,207,850 Main Street,Gurugram,Haryana,427329
286,208,310 Main Street,Pune,Maharashtra,293514
287,209,804 Main Street,Bengaluru,Karnataka,149211
288,210,936 Main Street,Pune,Maharashtra,207102
289,210,455 Main Street,Pune,Maharashtra,640573
290,211,495 Main Street,Kolkata,West Bengal,634344
291,212,349 Main Street,Mumbai,Maharashtra,616957
292,213,537 Main Street,Noida,Uttar Pradesh,435434
293,213,795 Main Street,Noida,Uttar Pradesh,453238
294,214,893 Main Street,Kolkata,West Bengal,213024
295,215,961 Main Street,Indore,Madhya Pradesh,651218
296,215,693 Main Street,Indore,Madhya Pradesh,249164
297,216,38 Main Street,Mumbai,Maharashtra,591682
298,217,886 Main Street,Bengaluru,Karnataka,657718
299,218,319 Main Street,Nashik,Maharashtra,156168
300,219,609 Main Street,Nagpur,Maharashtra,201305
301,219,342 Main Street,Nagpur,Maharashtra,599554
302,220,106 Main Street,Bengaluru,Karnataka,655865
303,220,785 Main Street,Bengaluru,Karnataka,800995
304,221,24 Main Street,Nashik,Maharashtra,715615
305,221,777 Main Street,Nashik,Maharashtra,437305
306,222,215 Main Street,Indore,Madhya Pradesh,446467
307,223,294 Main Street,Bengaluru,Karnataka,400088
308,224,792 Main Street,Mumbai,Maharashtra,572543
309,225,280 Main Street,Ahmedabad,Gujarat,266574
310,225,162 Main Street,Ahmedabad,Gujarat,396929
311,226,982 Main Street,Gurugram,Haryana,763205
312,227,105 Main Street,Delhi,Delhi,326612
313,228,563 Main Street,Chennai,Tamil Nadu,443955
314,229,966 Main Street,Kolkata,West Bengal,848568
315,230,588 Main Street,Chennai,Tamil Nadu,366717
316,230,176 Main Street,Chennai,Tamil Nadu,184703
317,231,914 Main Street,Jaipur,Rajasthan,465193
318,232,52 Main Street,Ahmedabad,Gujarat,246392
319,233,925 Main Street,Gurugram,Haryana,818308
320,234,393 Main Street,Nagpur,Maharashtra,166413
321,235,402 Main Street,Pune,Maharashtra,297677
322,236,913 Main Street,Chennai,Tamil Nadu,731549
323,236,645 Main Street,Chennai,Tamil Nadu,986792
324,237,457 Main Street,Kochi,Kerala,756253
325,237,365 Main Street,Kochi,Kerala,437617
326,238,203 Main Street,Indore,Madhya Pradesh,857528
327,239,829 Main Street,Pune,Maharashtra,669399
328,239,81 Main Street,Pune,Maharashtra,902453
329,240,582 Main Street,Nashik,Maharashtra,248197
330,240,96 Main Street,Nashik,Maharashtra,962336
331,241,716 Main Street,Chennai,Tamil Nadu,601022
332,241,100 Main Street,Chennai,Tamil Nadu,587714
333,242,660 Main Street,Indore,Madhya Pradesh,854715
334,243,482 Main Street,Bengaluru,Karnataka,352948
335,243,971 Main Street,Bengaluru,Karnataka,344665
336,244,918 Main Street,Noida,Uttar Pradesh,756910
337,245,373 Main Street,Nagpur,Maharashtra,521122
338,246,940 Main Street,Ahmedabad,Gujarat,807492
339,247,882 Main Street,Gurugram,Haryana,450536
340,248,31 Main Street,Indore,Madhya Pradesh,178540
341,249,360 Main Street,Nagpur,Maharashtra,611903
342,250,175 Main Street,Bengaluru,Karnataka,405968
343,251,619 Main Street,Bengaluru,Karnataka,712593
344,251,131 Main Street,Bengaluru,Karnataka,642623
345,252,838 Main Street,Delhi,Delhi,858969
346,253,334 Main Street,Chennai,Tamil Nadu,693165
347,253,666 Main Street,Chennai,Tamil Nadu,184369
348,254,546 Main Street,Mumbai,Maharashtra,593367
349,254,411 Main Street,Mumbai,Maharashtra,729221
350,255,636 Main Street,Mumbai,Maharashtra,365528
351,256,998 Main Street,Indore,Madhya Pradesh,615806
352,257,349 Main Street,Hyderabad,Telangana,328353
353,258,606 Main Street,Jaipur,Rajasthan,562091
354,258,804 Main Street,Jaipur,Rajasthan,566501
355,259,351 Main Street,Jaipur,Rajasthan,680977
356,260,178 Main Street,Hyderabad,Telangana,804799
357,260,686 Main Street,Hyderabad,Telangana,191678
358,261,729 Main Street,Delhi,Delhi,712080
359,261,857 Main Street,Delhi,Delhi,620268
360,262,611 Main Street,Indore,Madhya Pradesh,595394
361,263,100 Main Street,Kochi,Kerala,971953
362,264,316 Main Street,Bengaluru,Karnataka,535505
363,265,112 Main Street,Pune,Maharashtra,828807
364,266,790 Main Street,Chennai,Tamil Nadu,969691
365,266,389 Main Street,Chennai,Tamil Nadu,453312
366,267,677 Main Street,Kolkata,West Bengal,174468
367,268,837 Main Street,Gurugram,Haryana,255664
368,269,925 Main Street,Delhi,Delhi,901662
369,269,652 Main Street,Delhi,Delhi,959178
370,270,151 Main Street,Mumbai,Maharashtra,802984
371,271,545 Main Street,Ahmedabad,Gujarat,415663
372,272,592 Main Street,Gurugram,Haryana,578881
373,273,698 Main Street,Mumbai,Maharashtra,441976
374,274,814 Main Street,Nashik,Maharashtra,822569
375,275,966 Main Street,Jaipur,Rajasthan,565844
376,276,938 Main Street,Nagpur,Maharashtra,470987
377,276,92 Main Street,Nagpur,Maharashtra,721033
378,277,523 Main Street,Ahmedabad,Gujarat,533831
379,278,873 Main Street,Nashik,Maharashtra,418474
380,278,64 Main Street,Nashik,Maharashtra,497158
381,279,992 Main Street,Pune,Maharashtra,165708
382,279,1 Main Street,Pune,Maharashtra,847520
383,280,368 Main Street,Delhi,Delhi,225027
384,281,887 Main Street,Kochi,Kerala,142699
385,281,241 Main Street,Kochi,Kerala,562686
386,282,404 Main Street,Jaipur,Rajasthan,765584
387,282,326 Main Street,Jaipur,Rajasthan,856348
388,283,391 Main Street,Nashik,Maharashtra,566329
389,284,679 Main Street,Kochi,Kerala,291833
390,285,193 Main Street,Kochi,Kerala,692401
391,286,947 Main Street,Ahmedabad,Gujarat,487789
392,287,158 Main Street,Noida,Uttar Pradesh,412483
393,287,894 Main Street,Noida,Uttar Pradesh,812615
394,288,12 Main Street,Kochi,Kerala,185231
395,289,148 Main Street,Kolkata,West Bengal,866379
396,290,674 Main Street,Bengaluru,Karnataka,567949
397,290,999 Main Street,Bengaluru,Karnataka,252371
398,291,658 Main Street,Chennai,Tamil Nadu,955091
399,292,467 Main Street,Noida,Uttar Pradesh,937251
400,293,953 Main Street,Ahmedabad,Gujarat,556383
401,293,639 Main Street,Ahmedabad,Gujarat,298531
402,294,435 Main Street,Gurugram,Haryana,688866
403,295,394 Main Street,Delhi,Delhi,482566
404,295,232 Main Street,Delhi,Delhi,304816
405,296,8 Main Street,Pune,Maharashtra,716012
406,297,749 Main Street,Nagpur,Maharashtra,358250
407,298,276 Main Street,Chennai,Tamil Nadu,540794
408,298,949 Main Street,Chennai,Tamil Nadu,682696
409,299,35 Main Street,Gurugram,Haryana,149704
410,300,722 Main Street,Chennai,Tamil Nadu,496482
411,301,494 Main Street,Kolkata,West Bengal,834038
412,302,748 Main Street,Indore,Madhya Pradesh,876816
413,303,880 Main Street,Delhi,Delhi,897042
414,304,477 Main Street,Hyderabad,Telangana,652060
415,304,81 Main Street,Hyderabad,Telangana,658779
416,305,91 Main Street,Gurugram,Haryana,367143
417,305,484 Main Street,Gurugram,Haryana,771297
418,306,984 Main Street,Pune,Maharashtra,811200
419,306,80 Main Street,Pune,Maharashtra,827303
420,307,818 Main Street,Ahmedabad,Gujarat,717784
421,308,55 Main Street,Delhi,Delhi,470234
422,309,12 Main Street,Delhi,Delhi,601644
423,310,928 Main Street,Pune,Maharashtra,602025
424,311,340 Main Street,Gurugram,Haryana,551467
425,312,818 Main Street,Noida,Uttar Pradesh,418929
426,313,37 Main Street,Kolkata,West Bengal,838813
427,314,768 Main Street,Kochi,Kerala,428841
428,314,745 Main Street,Kochi,Kerala,933154
429,315,63 Main Street,Mumbai,Maharashtra,769868
430,316,174 Main Street,Bengaluru,Karnataka,710687
431,317,299 Main Street,Bengaluru,Karnataka,958188
432,318,28 Main Street,Nagpur,Maharashtra,410748
433,318,497 Main Street,Nagpur,Maharashtra,196518
434,319,79 Main Street,Chennai,Tamil Nadu,931834
435,320,136 Main Street,Delhi,Delhi,755710
436,321,879 Main Street,Chennai,Tamil Nadu,379437
437,322,115 Main Street,Indore,Madhya Pradesh,743152
438,323,606 Main Street,Mumbai,Maharashtra,884863
439,324,458 Main Street,Gurugram,Haryana,497728
440,325,268 Main Street,Kolkata,West Bengal,930539
441,325,718 Main Street,Kolkata,West Bengal,357669
442,326,819 Main Street,Bengaluru,Karnataka,663007
443,327,352 Main Street,Mumbai,Maharashtra,198501
444,327,991 Main Street,Mumbai,Maharashtra,262117
445,328,842 Main Street,Nashik,Maharashtra,271638
446,329,771 Main Street,Bengaluru,Karnataka,543007
447,329,789 Main Street,Bengaluru,Karnataka,511779
448,330,451 Main Street,Delhi,Delhi,871265
449,331,216 Main Street,Nashik,Maharashtra,715822
450,332,354 Main Street,Pune,Maharashtra,166964
451,332,658 Main Street,Pune,Maharashtra,387238
452,333,119 Main Street,Gurugram,Haryana,165074
453,333,172 Main Street,Gurugram,Haryana,596554
454,334,309 Main Street,Ahmedabad,Gujarat,609401
455,335,771 Main Street,Pune,Maharashtra,668388
456,335,240 Main Street,Pune,Maharashtra,508249
457,336,400 Main Street,Ahmedabad,Gujarat,607643
458,336,269 Main Street,Ahmedabad,Gujarat,262200
459,337,446 Main Street,Pune,Maharashtra,122439
460,338,817 Main Street,Ahmedabad,Gujarat,580622
461,339,324 Main Street,Bengaluru,Karnataka,666011
462,340,43 Main Street,Pune,Maharashtra,212093
463,340,940 Main Street,Pune,Maharashtra,667101
464,341,980 Main Street,Nashik,Maharashtra,995249
465,342,941 Main Street,Nashik,Maharashtra,793740
466,343,344 Main Street,Ahmedabad,Gujarat,393457
467,343,274 Main Street,Ahmedabad,Gujarat,951289
468,344,671 Main Street,Kolkata,West Bengal,722553
469,345,792 Main Street,Gurugram,Haryana,818094
470,346,752 Main Street,Hyderabad,Telangana,814527
471,346,603 Main Street,Hyderabad,Telangana,917924
472,347,346 Main Street,Gurugram,Haryana,820638
473,348,185 Main Street,Hyderabad,Telangana,438487
474,348,561 Main Street,Hyderabad,Telangana,121091
475,349,852 Main Street,Mumbai,Maharashtra,181252
476,349,13 Main Street,Mumbai,Maharashtra,541225
477,350,107 Main Street,Kochi,Kerala,828798
478,351,225 Main Street,Gurugram,Haryana,870480
479,352,198 Main Street,Kolkata,West Bengal,145695
480,353,95 Main Street,Gurugram,Haryana,169645
481,354,673 Main Street,Kolkata,West Bengal,986042
482,354,223 Main Street,Kolkata,West Bengal,738500
483,355,726 Main Street,Nagpur,Maharashtra,235805
484,356,620 Main Street,Gurugram,Haryana,246217
485,357,783 Main Street,Hyderabad,Telangana,789378
486,358,991 Main Street,Jaipur,Rajasthan,303743
487,359,713 Main Street,Pune,Maharashtra,303213
488,359,260 Main Street,Pune,Maharashtra,418877
489,360,959 Main Street,Bengaluru,Karnataka,189392
490,361,945 Main Street,Ahmedabad,Gujarat,399809
491,362,709 Main Street,Nagpur,Maharashtra,810007
492,362,789 Main Street,Nagpur,Maharashtra,917528
493,363,166 Main Street,Delhi,Delhi,928656
494,364,796 Main Street,Bengaluru,Karnataka,175417
495,365,341 Main Street,Kochi,Kerala,172976
496,366,833 Main Street,Chennai,Tamil Nadu,387521
497,367,72 Main Street,Noida,Uttar Pradesh,625607
498,368,206 Main Street,Nashik,Maharashtra,749947
499,368,403 Main Street,Nashik,Maharashtra,297110
500,369,112 Main Street,Nagpur,Maharashtra,260861
501,370,442 Main Street,Pune,Maharashtra,338994
502,371,109 Main Street,Indore,Madhya Pradesh,573031
503,372,106 Main Street,Kolkata,West Bengal,146554
504,372,75 Main Street,Kolkata,West Bengal,183832
505,373,257 Main Street,Nagpur,Maharashtra,924992
506,374,919 Main Street,Kolkata,West Bengal,631877
507,375,656 Main Street,Hyderabad,Telangana,110909
508,376,681 Main Street,Chennai,Tamil Nadu,519451
509,376,273 Main Street,Chennai,Tamil Nadu,268971
510,377,927 Main Street,Kolkata,West Bengal,520339
511,377,589 Main Street,Kolkata,West Bengal,113883
512,378,963 Main Street,Ahmedabad,Gujarat,918442
513,379,447 Main Street,Noida,Uttar Pradesh,533533
514,380,800 Main Street,Kolkata,West Bengal,961732
515,380,805 Main Street,Kolkata,West Bengal,183504
516,381,4 Main Street,Gurugram,Haryana,513097
517,382,838 Main Street,Noida,Uttar Pradesh,927710
518,382,494 Main Street,Noida,Uttar Pradesh,237091
519,383,958 Main Street,Bengaluru,Karnataka,486353
520,384,311 Main Street,Delhi,Delhi,530075
521,385,982 Main Street,Indore,Madhya Pradesh,788506
522,386,548 Main Street,Delhi,Delhi,466581
523,387,471 Main Street,Pune,Maharashtra,907392
524,388,664 Main Street,Pune,Maharashtra,322987
525,388,181 Main Street,Pune,Maharashtra,691409
526,389,394 Main Street,Bengaluru,Karnataka,802829
527,390,713 Main Street,Gurugram,Haryana,519054
528,391,646 Main Street,Mumbai,Maharashtra,832303
529,391,368 Main Street,Mumbai,Maharashtra,620135
530,392,648 Main Street,Chennai,Tamil Nadu,569259
531,393,144 Main Street,Bengaluru,Karnataka,147432
532,393,198 Main Street,Bengaluru,Karnataka,136596
533,394,608 Main Street,Delhi,Delhi,360069
534,394,501 Main Street,Delhi,Delhi,517652
535,395,554 Main Street,Indore,Madhya Pradesh,784661
536,396,547 Main Street,Noida,Uttar Pradesh,984774
537,397,990 Main Street,Mumbai,Maharashtra,127215
538,397,38 Main Street,Mumbai,Maharashtra,465766
539,398,807 Main Street,Nagpur,Maharashtra,866035
540,399,122 Main Street,Noida,Uttar Pradesh,331960
541,400,684 Main Street,Delhi,Delhi,658530
542,400,470 Main Street,Delhi,Delhi,821016
543,401,550 Main Street,Hyderabad,Telangana,266189
544,401,759 Main Street,Hyderabad,Telangana,717488
545,402,74 Main Street,Pune,Maharashtra,148669
546,403,501 Main Street,Kolkata,West Bengal,795592
547,403,20 Main Street,Kolkata,West Bengal,604109
548,404,634 Main Street,Hyderabad,Telangana,158026
549,404,249 Main Street,Hyderabad,Telangana,845363
550,405,15 Main Street,Kolkata,West Bengal,290616
551,406,927 Main Street,Kolkata,West Bengal,432266
552,407,100 Main Street,Nashik,Maharashtra,588344
553,407,626 Main Street,Nashik,Maharashtra,288980
554,408,66 Main Street,Hyderabad,Telangana,967525
555,408,838 Main Street,Hyderabad,Telangana,221496
556,409,610 Main Street,Noida,Uttar Pradesh,947995
557,410,65 Main Street,Nashik,Maharashtra,953530
558,411,346 Main Street,Hyderabad,Telangana,960941
559,412,756 Main Street,Delhi,Delhi,821351
560,412,412 Main Street,Delhi,Delhi,449984
561,413,701 Main Street,Nagpur,Maharashtra,713945
562,414,330 Main Street,Kolkata,West Bengal,987057
563,415,219 Main Street,Pune,Maharashtra,911351
564,415,47 Main Street,Pune,Maharashtra,731894
565,416,65 Main Street,Hyderabad,Telangana,236610
566,417,776 Main Street,Bengaluru,Karnataka,545320
567,418,379 Main Street,Gurugram,Haryana,690290
568,419,250 Main Street,Indore,Madhya Pradesh,720256
569,420,103 Main Street,Kolkata,West Bengal,939478
570,421,628 Main Street,Hyderabad,Telangana,504401
571,421,797 Main Street,Hyderabad,Telangana,275416
572,422,499 Main Street,Mumbai,Maharashtra,194643
573,423,184 Main Street,Gurugram,Haryana,203471
574,424,608 Main Street,Jaipur,Rajasthan,407514
575,424,427 Main Street,Jaipur,Rajasthan,837191
576,425,792 Main Street,Mumbai,Maharashtra,609135
577,425,709 Main Street,Mumbai,Maharashtra,243056
578,426,656 Main Street,Hyderabad,Telangana,394111
579,427,422 Main Street,Noida,Uttar Pradesh,360875
580,428,626 Main Street,Nashik,Maharashtra,835272
581,428,39 Main Street,Nashik,Maharashtra,735236
582,429,512 Main Street,Delhi,Delhi,751780
583,430,643 Main Street,Chennai,Tamil Nadu,976630
584,430,802 Main Street,Chennai,Tamil Nadu,425830
585,431,5 Main Street,Indore,Madhya Pradesh,694801
586,432,121 Main Street,Pune,Maharashtra,665953
587,433,634 Main Street,Pune,Maharashtra,489481
588,433,884 Main Street,Pune,Maharashtra,908100
589,434,520 Main Street,Noida,Uttar Pradesh,339927
590,434,476 Main Street,Noida,Uttar Pradesh,917750
591,435,214 Main Street,Chennai,Tamil Nadu,399854
592,436,116 Main Street,Pune,Maharashtra,945309
593,437,865 Main Street,Gurugram,Haryana,607457
594,438,164 Main Street,Gurugram,Haryana,812695
595,439,56 Main Street,Pune,Maharashtra,786185
596,439,373 Main Street,Pune,Maharashtra,408911
597,440,258 Main Street,Kolkata,West Bengal,460533
598,441,912 Main Street,Hyderabad,Telangana,905248
599,442,107 Main Street,Hyderabad,Telangana,886383
600,443,551 Main Street,Nagpur,Maharashtra,294431
601,444,30 Main Street,Mumbai,Maharashtra,618623
602,445,73 Main Street,Nagpur,Maharashtra,356729
603,446,607 Main Street,Noida,Uttar Pradesh,717924
604,446,334 Main Street,Noida,Uttar Pradesh,549422
605,447,694 Main Street,Jaipur,Rajasthan,451505
606,448,113 Main Street,Ahmedabad,Gujarat,451974
607,449,243 Main Street,Ahmedabad,Gujarat,883584
608,450,205 Main Street,Chennai,Tamil Nadu,503774
609,451,76 Main Street,Kochi,Kerala,603869
610,451,600 Main Street,Kochi,Kerala,617938
611,452,447 Main Street,Kolkata,West Bengal,261981
612,453,625 Main Street,Ahmedabad,Gujarat,587092
613,454,383 Main Street,Indore,Madhya Pradesh,253030
614,455,199 Main Street,Gurugram,Haryana,772722
615,456,277 Main Street,Gurugram,Haryana,322033
616,457,33 Main Street,Delhi,Delhi,835835
617,458,288 Main Street,Nagpur,Maharashtra,253132
618,459,477 Main Street,Kochi,Kerala,590854
619,460,779 Main Street,Noida,Uttar Pradesh,470265
620,461,303 Main Street,Pune,Maharashtra,742958
621,462,814 Main Street,Mumbai,Maharashtra,778990
622,463,928 Main Street,Kochi,Kerala,288190
623,463,592 Main Street,Kochi,Kerala,689606
624,464,89 Main Street,Chennai,Tamil Nadu,541694
625,464,878 Main Street,Chennai,Tamil Nadu,657114
626,465,222 Main Street,Noida,Uttar Pradesh,730317
627,466,474 Main Street,Pune,Maharashtra,402731
628,467,439 Main Street,Nashik,Maharashtra,881939
629,468,254 Main Street,Gurugram,Haryana,453194
630,468,445 Main Street,Gurugram,Haryana,717615
631,469,950 Main Street,Bengaluru,Karnataka,730517
632,470,936 Main Street,Indore,Madhya Pradesh,711568
633,470,920 Main Street,Indore,Madhya Pradesh,115324
634,471,46 Main Street,Hyderabad,Telangana,152004
635,472,752 Main Street,Nashik,Maharashtra,915942
636,472,517 Main Street,Nashik,Maharashtra,145253
637,473,404 Main Street,Noida,Uttar Pradesh,612550
638,474,714 Main Street,Ahmedabad,Gujarat,971186
639,474,101 Main Street,Ahmedabad,Gujarat,584419
640,475,86 Main Street,Delhi,Delhi,695616
641,476,710 Main Street,Hyderabad,Telangana,877333
642,476,417 Main Street,Hyderabad,Telangana,338596
643,477,303 Main Street,Noida,Uttar Pradesh,360675
644,478,93 Main Street,Hyderabad,Telangana,126703
645,479,313 Main Street,Indore,Madhya Pradesh,279662
646,480,879 Main Street,Hyderabad,Telangana,708087
647,480,766 Main Street,Hyderabad,Telangana,722011
648,481,466 Main Street,Bengaluru,Karnataka,596288
649,482,896 Main Street,Noida,Uttar Pradesh,847290
650,482,416 Main Street,Noida,Uttar Pradesh,303929
651,483,380 Main Street,Kochi,Kerala,767258
652,483,476 Main Street,Kochi,Kerala,848094
653,484,882 Main Street,Delhi,Delhi,767776
654,485,915 Main Street,Ahmedabad,Gujarat,834304
655,486,34 Main Street,Kolkata,West Bengal,420997
656,487,277 Main Street,Ahmedabad,Gujarat,841963
657,488,556 Main Street,Ahmedabad,Gujarat,713171
658,488,814 Main Street,Ahmedabad,Gujarat,327208
659,489,83 Main Street,Ahmedabad,Gujarat,760594
660,489,902 Main Street,Ahmedabad,Gujarat,462001
661,490,57 Main Street,Delhi,Delhi,649740
662,490,969 Main Street,Delhi,Delhi,817424
663,491,53 Main Street,Noida,Uttar Pradesh,226356
664,492,477 Main Street,Chennai,Tamil Nadu,759208
665,493,376 Main Street,Noida,Uttar Pradesh,293781
666,494,722 Main Street,Hyderabad,Telangana,180260
667,495,793 Main Street,Hyderabad,Telangana,324656
668,496,343 Main Street,Nashik,Maharashtra,360224
669,497,665 Main Street,Bengaluru,Karnataka,611736
670,498,771 Main Street,Gurugram,Haryana,718299
671,498,893 Main Street,Gurugram,Haryana,846984
672,499,763 Main Street,Indore,Madhya Pradesh,907846
673,500,362 Main Street,Noida,Uttar Pradesh,390345
674,501,434 Main Street,Kolkata,West Bengal,400607
675,502,382 Main Street,Chennai,Tamil Nadu,471996
676,503,514 Main Street,Chennai,Tamil Nadu,662266
677,504,482 Main Street,Bengaluru,Karnataka,854305
678,504,545 Main Street,Bengaluru,Karnataka,821257
679,505,922 Main Street,Ahmedabad,Gujarat,416461
680,505,463 Main Street,Ahmedabad,Gujarat,761114
681,506,690 Main Street,Indore,Madhya Pradesh,836897
682,507,964 Main Street,Pune,Maharashtra,178815
683,507,193 Main Street,Pune,Maharashtra,590115
684,508,401 Main Street,Kolkata,West Bengal,297497
685,509,980 Main Street,Nagpur,Maharashtra,190685
686,510,283 Main Street,Nashik,Maharashtra,227466
687,511,509 Main Street,Indore,Madhya Pradesh,267808
688,511,896 Main Street,Indore,Madhya Pradesh,324178
689,512,643 Main Street,Chennai,Tamil Nadu,133792
690,513,993 Main Street,Kochi,Kerala,825551
691,514,136 Main Street,Delhi,Delhi,606925
692,515,455 Main Street,Mumbai,Maharashtra,883544
693,516,299 Main Street,Hyderabad,Telangana,308244
694,517,893 Main Street,Gurugram,Haryana,950946
695,518,971 Main Street,Nashik,Maharashtra,654861
696,519,422 Main Street,Jaipur,Rajasthan,716815
697,520,662 Main Street,Hyderabad,Telangana,935045
698,521,608 Main Street,Nagpur,Maharashtra,808199
699,522,863 Main Street,Kochi,Kerala,685111
700,522,456 Main Street,Kochi,Kerala,590255
701,523,136 Main Street,Jaipur,Rajasthan,937691
702,524,809 Main Street,Indore,Madhya Pradesh,382637
703,525,381 Main Street,Gurugram,Haryana,412143
704,526,49 Main Street,Ahmedabad,Gujarat,265544
705,526,362 Main Street,Ahmedabad,Gujarat,408196
706,527,171 Main Street,Nashik,Maharashtra,758680
707,528,729 Main Street,Nagpur,Maharashtra,671320
708,528,293 Main Street,Nagpur,Maharashtra,301134
709,529,860 Main Street,Indore,Madhya Pradesh,852508
710,529,710 Main Street,Indore,Madhya Pradesh,808724
711,530,166 Main Street,Bengaluru,Karnataka,359461
712,530,120 Main Street,Bengaluru,Karnataka,153150
713,531,589 Main Street,Nagpur,Maharashtra,242617
714,531,452 Main Street,Nagpur,Maharashtra,383056
715,532,211 Main Street,Ahmedabad,Gujarat,699810
716,533,682 Main Street,Gurugram,Haryana,442339
717,533,353 Main Street,Gurugram,Haryana,265130
718,534,553 Main Street,Kolkata,West Bengal,280495
719,535,125 Main Street,Pune,Maharashtra,136135
720,536,512 Main Street,Pune,Maharashtra,915849
721,537,470 Main Street,Indore,Madhya Pradesh,445772
722,538,994 Main Street,Nagpur,Maharashtra,884368
723,539,520 Main Street,Jaipur,Rajasthan,457372
724,540,303 Main Street,Indore,Madhya Pradesh,606931
725,541,993 Main Street,Noida,Uttar Pradesh,900795
726,541,588 Main Street,Noida,Uttar Pradesh,809282
727,542,579 Main Street,Gurugram,Haryana,873933
728,543,453 Main Street,Kochi,Kerala,465136
729,543,706 Main Street,Kochi,Kerala,227771
730,544,922 Main Street,Mumbai,Maharashtra,152027
731,544,143 Main Street,Mumbai,Maharashtra,820943
732,545,316 Main Street,Mumbai,Maharashtra,136000
733,546,862 Main Street,Delhi,Delhi,341069
734,547,95 Main Street,Chennai,Tamil Nadu,452220
735,548,657 Main Street,Indore,Madhya Pradesh,314629
736,549,228 Main Street,Jaipur,Rajasthan,929234
737,550,285 Main Street,Pune,Maharashtra,315222
738,550,24 Main Street,Pune,Maharashtra,197649
739,551,457 Main Street,Chennai,Tamil Nadu,819952
740,552,90 Main Street,Bengaluru,Karnataka,646648
741,552,404 Main Street,Bengaluru,Karnataka,313895
742,553,618 Main Street,Delhi,Delhi,744470
743,554,58 Main Street,Bengaluru,Karnataka,809155
744,555,152 Main Street,Jaipur,Rajasthan,860742
745,556,379 Main Street,Pune,Maharashtra,514868
746,556,382 Main Street,Pune,Maharashtra,122782
747,557,360 Main Street,Jaipur,Rajasthan,433050
748,558,896 Main Street,Nashik,Maharashtra,698285
749,558,90 Main Street,Nashik,Maharashtra,336172
750,559,455 Main Street,Bengaluru,Karnataka,887548
751,559,426 Main Street,Bengaluru,Karnataka,952725
752,560,168 Main Street,Ahmedabad,Gujarat,954809
753,561,920 Main Street,Jaipur,Rajasthan,554420
754,561,747 Main Street,Jaipur,Rajasthan,544313
755,562,602 Main Street,Mumbai,Maharashtra,736981
756,563,213 Main Street,Delhi,Delhi,427960
757,564,889 Main Street,Jaipur,Rajasthan,660818
758,565,68 Main Street,Delhi,Delhi,729371
759,565,775 Main Street,Delhi,Delhi,504025
760,566,420 Main Street,Kolkata,West Bengal,779836
761,567,425 Main Street,Bengaluru,Karnataka,293388
762,567,570 Main Street,Bengaluru,Karnataka,594567
763,568,774 Main Street,Noida,Uttar Pradesh,253578
764,568,205 Main Street,Noida,Uttar Pradesh,305041
765,569,297 Main Street,Delhi,Delhi,690771
766,569,503 Main Street,Delhi,Delhi,154284
767,570,310 Main Street,Pune,Maharashtra,985126
768,570,600 Main Street,Pune,Maharashtra,428677
769,571,758 Main Street,Chennai,Tamil Nadu,595964
770,572,811 Main Street,Ahmedabad,Gujarat,112565
771,573,308 Main Street,Kolkata,West Bengal,781670
772,574,484 Main Street,Gurugram,Haryana,240208
773,574,670 Main Street,Gurugram,Haryana,808260
774,575,428 Main Street,Indore,Madhya Pradesh,298085
775,575,504 Main Street,Indore,Madhya Pradesh,831255
776,576,30 Main Street,Pune,Maharashtra,235152
777,577,505 Main Street,Chennai,Tamil Nadu,179966
778,577,614 Main Street,Chennai,Tamil Nadu,891782
779,578,493 Main Street,Kolkata,West Bengal,703047
780,579,265 Main Street,Hyderabad,Telangana,768501
781,580,998 Main Street,Gurugram,Haryana,837968
782,580,838 Main Street,Gurugram,Haryana,235392
783,581,751 Main Street,Hyderabad,Telangana,713207
784,582,266 Main Street,Ahmedabad,Gujarat,280757
785,583,150 Main Street,Noida,Uttar Pradesh,445209
786,584,710 Main Street,Nashik,Maharashtra,252079
787,585,55 Main Street,Nashik,Maharashtra,395915
788,586,652 Main Street,Hyderabad,Telangana,483276
789,587,299 Main Street,Jaipur,Rajasthan,665338
790,588,79 Main Street,Hyderabad,Telangana,648828
791,589,644 Main Street,Indore,Madhya Pradesh,302148
792,590,614 Main Street,Kochi,Kerala,899188
793,590,172 Main Street,Kochi,Kerala,680123
794,591,324 Main Street,Mumbai,Maharashtra,976985
795,592,820 Main Street,Chennai,Tamil Nadu,425697
796,592,278 Main Street,Chennai,Tamil Nadu,828739
797,593,372 Main Street,Hyderabad,Telangana,210488
798,593,548 Main Street,Hyderabad,Telangana,718222
799,594,148 Main Street,Ahmedabad,Gujarat,123524
800,595,289 Main Street,Noida,Uttar Pradesh,501133
801,596,422 Main Street,Chennai,Tamil Nadu,466844
802,596,944 Main Street,Chennai,Tamil Nadu,280948
803,597,159 Main Street,Kochi,Kerala,637835
804,598,193 Main Street,Pune,Maharashtra,943729
805,599,629 Main Street,Noida,Uttar Pradesh,833153
806,599,852 Main Street,Noida,Uttar Pradesh,661186
807,600,730 Main Street,Delhi,Delhi,687883
808,600,720 Main Street,Delhi,Delhi,903045
809,601,428 Main Street,Nashik,Maharashtra,592860
810,601,939 Main Street,Nashik,Maharashtra,190111
811,602,135 Main Street,Pune,Maharashtra,128223
812,603,320 Main Street,Noida,Uttar Pradesh,834619
813,604,837 Main Street,Nagpur,Maharashtra,573405
814,605,612 Main Street,Hyderabad,Telangana,658532
815,605,782 Main Street,Hyderabad,Telangana,468660
816,606,312 Main Street,Indore,Madhya Pradesh,140156
817,607,122 Main Street,Chennai,Tamil Nadu,343159
818,607,132 Main Street,Chennai,Tamil Nadu,837967
819,608,233 Main Street,Pune,Maharashtra,432361
820,609,134 Main Street,Mumbai,Maharashtra,192423
821,610,782 Main Street,Nashik,Maharashtra,932114
822,611,20 Main Street,Indore,Madhya Pradesh,922323
823,612,442 Main Street,Ahmedabad,Gujarat,154582
824,613,34 Main Street,Kolkata,West Bengal,941578
825,614,608 Main Street,Noida,Uttar Pradesh,172144
826,614,481 Main Street,Noida,Uttar Pradesh,234698
827,615,45 Main Street,Kochi,Kerala,179465
828,615,309 Main Street,Kochi,Kerala,810015
829,616,99 Main Street,Ahmedabad,Gujarat,930375
830,617,617 Main Street,Bengaluru,Karnataka,325378
831,618,205 Main Street,Delhi,Delhi,303757
832,619,30 Main Street,Delhi,Delhi,205189
833,619,150 Main Street,Delhi,Delhi,996950
834,620,285 Main Street,Nashik,Maharashtra,717913
835,620,357 Main Street,Nashik,Maharashtra,479311
836,621,513 Main Street,Chennai,Tamil Nadu,928730
837,622,248 Main Street,Pune,Maharashtra,639435
838,622,584 Main Street,Pune,Maharashtra,181656
839,623,593 Main Street,Kolkata,West Bengal,910319
840,624,223 Main Street,Delhi,Delhi,860582
841,625,289 Main Street,Pune,Maharashtra,290117
842,626,551 Main Street,Ahmedabad,Gujarat,114539
843,626,997 Main Street,Ahmedabad,Gujarat,870583
844,627,220 Main Street,Mumbai,Maharashtra,638687
845,628,487 Main Street,Chennai,Tamil Nadu,494264
846,628,715 Main Street,Chennai,Tamil Nadu,728010
847,629,690 Main Street,Nagpur,Maharashtra,222537
848,630,364 Main Street,Bengaluru,Karnataka,508055
849,631,527 Main Street,Bengaluru,Karnataka,348607
850,632,780 Main Street,Hyderabad,Telangana,439546
851,633,113 Main Street,Ahmedabad,Gujarat,654973
852,634,781 Main Street,Mumbai,Maharashtra,488798
853,635,571 Main Street,Kochi,Kerala,867215
854,635,42 Main Street,Kochi,Kerala,196243
855,636,119 Main Street,Kochi,Kerala,513472
856,637,615 Main Street,Chennai,Tamil Nadu,881934
857,638,862 Main Street,Delhi,Delhi,575521
858,639,418 Main Street,Ahmedabad,Gujarat,414704
859,640,439 Main Street,Kolkata,West Bengal,307955
860,640,878 Main Street,Kolkata,West Bengal,182990
861,641,822 Main Street,Nashik,Maharashtra,608783
862,641,962 Main Street,Nashik,Maharashtra,822120
863,642,14 Main Street,Noida,Uttar Pradesh,816906
864,643,108 Main Street,Nashik,Maharashtra,525623
865,644,675 Main Street,Pune,Maharashtra,819381
866,645,147 Main Street,Bengaluru,Karnataka,523989
867,646,605 Main Street,Delhi,Delhi,216663
868,647,914 Main Street,Gurugram,Haryana,286919
869,647,67 Main Street,Gurugram,Haryana,491377
870,648,347 Main Street,Indore,Madhya Pradesh,319991
871,648,610 Main Street,Indore,Madhya Pradesh,995029
872,649,126 Main Street,Hyderabad,Telangana,354181
873,649,859 Main Street,Hyderabad,Telangana,555334
874,650,286 Main Street,Pune,Maharashtra,911968
875,650,731 Main Street,Pune,Maharashtra,913180
876,651,280 Main Street,Jaipur,Rajasthan,903041
877,652,660 Main Street,Jaipur,Rajasthan,529677
878,652,365 Main Street,Jaipur,Rajasthan,608940
879,653,973 Main Street,Delhi,Delhi,534089
880,653,497 Main Street,Delhi,Delhi,646256
881,654,787 Main Street,Noida,Uttar Pradesh,586719
882,655,257 Main Street,Nashik,Maharashtra,623111
883,656,644 Main Street,Jaipur,Rajasthan,251147
884,657,756 Main Street,Mumbai,Maharashtra,165419
885,658,511 Main Street,Pune,Maharashtra,821047
886,658,28 Main Street,Pune,Maharashtra,297795
887,659,696 Main Street,Hyderabad,Telangana,452838
888,660,637 Main Street,Hyderabad,Telangana,763506
889,661,79 Main Street,Gurugram,Haryana,803193
890,662,786 Main Street,Chennai,Tamil Nadu,626096
891,662,812 Main Street,Chennai,Tamil Nadu,598659
892,663,678 Main Street,Jaipur,Rajasthan,632084
893,664,268 Main Street,Noida,Uttar Pradesh,678787
894,665,881 Main Street,Gurugram,Haryana,676785
895,666,976 Main Street,Nagpur,Maharashtra,911075
896,667,441 Main Street,Indore,Madhya Pradesh,234921
897,668,323 Main Street,Mumbai,Maharashtra,504617
898,669,37 Main Street,Kolkata,West Bengal,144455
899,670,676 Main Street,Noida,Uttar Pradesh,927241
900,671,724 Main Street,Pune,Maharashtra,282117
901,672,138 Main Street,Jaipur,Rajasthan,437637
902,673,500 Main Street,Ahmedabad,Gujarat,911123
903,673,113 Main Street,Ahmedabad,Gujarat,706487
904,674,676 Main Street,Ahmedabad,Gujarat,690684
905,674,702 Main Street,Ahmedabad,Gujarat,675593
906,675,488 Main Street,Bengaluru,Karnataka,699567
907,676,519 Main Street,Hyderabad,Telangana,168444
908,676,401 Main Street,Hyderabad,Telangana,386185
909,677,995 Main Street,Hyderabad,Telangana,506149
910,678,362 Main Street,Nagpur,Maharashtra,913702
911,679,329 Main Street,Jaipur,Rajasthan,174407
912,679,29 Main Street,Jaipur,Rajasthan,729145
913,680,858 Main Street,Nagpur,Maharashtra,494208
914,681,760 Main Street,Nagpur,Maharashtra,722333
915,682,913 Main Street,Kochi,Kerala,765520
916,683,100 Main Street,Kochi,Kerala,558945
917,684,366 Main Street,Delhi,Delhi,541939
918,685,678 Main Street,Gurugram,Haryana,366092
919,686,664 Main Street,Kolkata,West Bengal,437260
920,687,933 Main Street,Noida,Uttar Pradesh,831411
921,688,313 Main Street,Kolkata,West Bengal,230031
922,689,21 Main Street,Pune,Maharashtra,674570
923,690,472 Main Street,Hyderabad,Telangana,799719
924,691,582 Main Street,Gurugram,Haryana,649764
925,691,924 Main Street,Gurugram,Haryana,551631
926,692,713 Main Street,Kochi,Kerala,602516
927,693,325 Main Street,Hyderabad,Telangana,506086
928,694,331 Main Street,Nashik,Maharashtra,710350
929,695,501 Main Street,Kochi,Kerala,214917
930,696,211 Main Street,Nagpur,Maharashtra,462287
931,696,509 Main Street,Nagpur,Maharashtra,637191
932,697,684 Main Street,Ahmedabad,Gujarat,466032
933,697,171 Main Street,Ahmedabad,Gujarat,754693
934,698,993 Main Street,Nagpur,Maharashtra,567169
935,699,651 Main Street,Bengaluru,Karnataka,998494
936,700,78 Main Street,Nagpur,Maharashtra,991202
937,700,871 Main Street,Nagpur,Maharashtra,671862
938,701,272 Main Street,Kochi,Kerala,159840
939,702,588 Main Street,Chennai,Tamil Nadu,531556
940,703,640 Main Street,Jaipur,Rajasthan,888974
941,703,981 Main Street,Jaipur,Rajasthan,206424
942,704,593 Main Street,Bengaluru,Karnataka,209335
943,704,607 Main Street,Bengaluru,Karnataka,463200
944,705,581 Main Street,Kolkata,West Bengal,950104
945,706,438 Main Street,Chennai,Tamil Nadu,329927
946,707,79 Main Street,Mumbai,Maharashtra,793185
947,708,517 Main Street,Chennai,Tamil Nadu,953187
948,708,308 Main Street,Chennai,Tamil Nadu,563939
949,709,321 Main Street,Delhi,Delhi,319795
950,709,425 Main Street,Delhi,Delhi,531843
951,710,528 Main Street,Hyderabad,Telangana,585244
952,711,561 Main Street,Ahmedabad,Gujarat,299373
953,711,903 Main Street,Ahmedabad,Gujarat,129506
954,712,529 Main Street,Kolkata,West Bengal,305600
955,713,219 Main Street,Kochi,Kerala,802905
956,714,761 Main Street,Nagpur,Maharashtra,599994
957,714,275 Main Street,Nagpur,Maharashtra,778914
958,715,630 Main Street,Delhi,Delhi,916479
959,716,958 Main Street,Bengaluru,Karnataka,703616
960,716,745 Main Street,Bengaluru,Karnataka,767203
961,717,206 Main Street,Hyderabad,Telangana,491969
962,718,247 Main Street,Jaipur,Rajasthan,267782
963,719,784 Main Street,Chennai,Tamil Nadu,424861
964,719,865 Main Street,Chennai,Tamil Nadu,566538
965,720,881 Main Street,Pune,Maharashtra,980542
966,721,650 Main Street,Ahmedabad,Gujarat,323446
967,721,867 Main Street,Ahmedabad,Gujarat,542472
968,722,294 Main Street,Mumbai,Maharashtra,787424
969,723,704 Main Street,Delhi,Delhi,740437
970,724,245 Main Street,Pune,Maharashtra,229074
971,725,29 Main Street,Bengaluru,Karnataka,367516
972,726,318 Main Street,Jaipur,Rajasthan,596706
973,726,498 Main Street,Jaipur,Rajasthan,697019
974,727,433 Main Street,Ahmedabad,Gujarat,788346
975,727,928 Main Street,Ahmedabad,Gujarat,148801
976,728,280 Main Street,Jaipur,Rajasthan,253057
977,729,809 Main Street,Gurugram,Haryana,952570
978,730,564 Main Street,Pune,Maharashtra,294533
979,731,44 Main Street,Delhi,Delhi,867568
980,732,21 Main Street,Jaipur,Rajasthan,168014
981,733,86 Main Street,Chennai,Tamil Nadu,439153
982,733,617 Main Street,Chennai,Tamil Nadu,422453
983,734,923 Main Street,Kochi,Kerala,536777
984,734,919 Main Street,Kochi,Kerala,491088
985,735,907 Main Street,Nashik,Maharashtra,204693
986,735,407 Main Street,Nashik,Maharashtra,990605
987,736,144 Main Street,Indore,Madhya Pradesh,357507
988,736,115 Main Street,Indore,Madhya Pradesh,708708
989,737,956 Main Street,Gurugram,Haryana,236502
990,737,535 Main Street,Gurugram,Haryana,806482
991,738,973 Main Street,Mumbai,Maharashtra,922767
992,738,954 Main Street,Mumbai,Maharashtra,660775
993,739,906 Main Street,Kochi,Kerala,204632
994,740,126 Main Street,Nagpur,Maharashtra,920749
995,741,338 Main Street,Pune,Maharashtra,982765
996,741,599 Main Street,Pune,Maharashtra,883048
997,742,767 Main Street,Mumbai,Maharashtra,890097
998,743,434 Main Street,Noida,Uttar Pradesh,338598
999,744,180 Main Street,Jaipur,Rajasthan,334509
1000,745,451 Main Street,Pune,Maharashtra,538212
1001,745,261 Main Street,Pune,Maharashtra,728115
1002,746,547 Main Street,Kolkata,West Bengal,502906
1003,747,116 Main Street,Jaipur,Rajasthan,441863
1004,747,559 Main Street,Jaipur,Rajasthan,554366
1005,748,253 Main Street,Kochi,Kerala,401224
1006,749,960 Main Street,Delhi,Delhi,261950
1007,749,372 Main Street,Delhi,Delhi,608306
1008,750,842 Main Street,Bengaluru,Karnataka,433141
1009,750,22 Main Street,Bengaluru,Karnataka,786748
1010,751,621 Main Street,Chennai,Tamil Nadu,146500
1011,751,862 Main Street,Chennai,Tamil Nadu,885369
1012,752,964 Main Street,Noida,Uttar Pradesh,167328
1013,752,708 Main Street,Noida,Uttar Pradesh,937119
1014,753,260 Main Street,Nagpur,Maharashtra,689577
1015,753,394 Main Street,Nagpur,Maharashtra,434291
1016,754,718 Main Street,Mumbai,Maharashtra,490481
1017,755,702 Main Street,Pune,Maharashtra,237982
1018,755,548 Main Street,Pune,Maharashtra,357864
1019,756,398 Main Street,Gurugram,Haryana,118248
1020,756,932 Main Street,Gurugram,Haryana,522064
1021,757,940 Main Street,Kochi,Kerala,377946
1022,757,309 Main Street,Kochi,Kerala,204634
1023,758,775 Main Street,Kolkata,West Bengal,356898
1024,758,305 Main Street,Kolkata,West Bengal,330606
1025,759,165 Main Street,Pune,Maharashtra,570163
1026,759,647 Main Street,Pune,Maharashtra,442591
1027,760,786 Main Street,Kochi,Kerala,785733
1028,760,417 Main Street,Kochi,Kerala,937659
1029,761,888 Main Street,Delhi,Delhi,193985
1030,762,964 Main Street,Indore,Madhya Pradesh,625576
1031,762,483 Main Street,Indore,Madhya Pradesh,882739
1032,763,862 Main Street,Indore,Madhya Pradesh,458884
1033,764,898 Main Street,Pune,Maharashtra,970085
1034,764,103 Main Street,Pune,Maharashtra,974446
1035,765,268 Main Street,Kolkata,West Bengal,640930
1036,766,431 Main Street,Gurugram,Haryana,741364
1037,767,561 Main Street,Noida,Uttar Pradesh,883624
1038,767,335 Main Street,Noida,Uttar Pradesh,585279
1039,768,781 Main Street,Ahmedabad,Gujarat,164629
1040,768,657 Main Street,Ahmedabad,Gujarat,782758
1041,769,455 Main Street,Hyderabad,Telangana,939443
1042,770,4 Main Street,Noida,Uttar Pradesh,530124
1043,771,313 Main Street,Mumbai,Maharashtra,438961
1044,772,114 Main Street,Chennai,Tamil Nadu,275488
1045,773,731 Main Street,Delhi,Delhi,914894
1046,774,782 Main Street,Nashik,Maharashtra,246412
1047,774,868 Main Street,Nashik,Maharashtra,732871
1048,775,812 Main Street,Nagpur,Maharashtra,444914
1049,775,463 Main Street,Nagpur,Maharashtra,611602
1050,776,137 Main Street,Indore,Madhya Pradesh,383342
1051,776,178 Main Street,Indore,Madhya Pradesh,830861
1052,777,336 Main Street,Gurugram,Haryana,948366
1053,778,87 Main Street,Jaipur,Rajasthan,544631
1054,779,403 Main Street,Delhi,Delhi,505648
1055,780,906 Main Street,Hyderabad,Telangana,708097
1056,780,230 Main Street,Hyderabad,Telangana,131741
1057,781,946 Main Street,Bengaluru,Karnataka,695661
1058,781,663 Main Street,Bengaluru,Karnataka,751731
1059,782,929 Main Street,Kolkata,West Bengal,203298
1060,783,204 Main Street,Gurugram,Haryana,384499
1061,783,719 Main Street,Gurugram,Haryana,286953
1062,784,633 Main Street,Hyderabad,Telangana,559737
1063,785,153 Main Street,Kochi,Kerala,203387
1064,786,175 Main Street,Bengaluru,Karnataka,704797
1065,786,121 Main Street,Bengaluru,Karnataka,124800
1066,787,446 Main Street,Hyderabad,Telangana,920926
1067,787,943 Main Street,Hyderabad,Telangana,585747
1068,788,507 Main Street,Hyderabad,Telangana,234269
1069,788,230 Main Street,Hyderabad,Telangana,858225
1070,789,969 Main Street,Bengaluru,Karnataka,962924
1071,790,295 Main Street,Noida,Uttar Pradesh,892702
1072,790,507 Main Street,Noida,Uttar Pradesh,510633
1073,791,877 Main Street,Kolkata,West Bengal,326642
1074,792,844 Main Street,Kolkata,West Bengal,406712
1075,793,194 Main Street,Hyderabad,Telangana,548651
1076,793,185 Main Street,Hyderabad,Telangana,538368
1077,794,30 Main Street,Kochi,Kerala,414289
1078,794,269 Main Street,Kochi,Kerala,356924
1079,795,930 Main Street,Jaipur,Rajasthan,370380
1080,796,701 Main Street,Kochi,Kerala,788675
1081,797,11 Main Street,Mumbai,Maharashtra,601658
1082,798,332 Main Street,Chennai,Tamil Nadu,836687
1083,799,218 Main Street,Delhi,Delhi,857986
1084,800,434 Main Street,Bengaluru,Karnataka,881861
1085,801,75 Main Street,Ahmedabad,Gujarat,209907
1086,802,54 Main Street,Delhi,Delhi,459031
1087,803,483 Main Street,Delhi,Delhi,481512
1088,803,621 Main Street,Delhi,Delhi,813375
1089,804,613 Main Street,Kolkata,West Bengal,854033
1090,804,767 Main Street,Kolkata,West Bengal,959192
1091,805,260 Main Street,Noida,Uttar Pradesh,639050
1092,806,310 Main Street,Noida,Uttar Pradesh,523869
1093,807,136 Main Street,Delhi,Delhi,696741
1094,807,43 Main Street,Delhi,Delhi,718684
1095,808,174 Main Street,Nashik,Maharashtra,638216
1096,809,348 Main Street,Gurugram,Haryana,600822
1097,810,325 Main Street,Nagpur,Maharashtra,854756
1098,811,146 Main Street,Noida,Uttar Pradesh,383055
1099,812,46 Main Street,Kolkata,West Bengal,244082
1100,813,997 Main Street,Ahmedabad,Gujarat,985355
1101,814,370 Main Street,Ahmedabad,Gujarat,560977
1102,815,898 Main Street,Ahmedabad,Gujarat,386002
1103,816,780 Main Street,Kochi,Kerala,386570
1104,817,447 Main Street,Mumbai,Maharashtra,282998
1105,818,504 Main Street,Mumbai,Maharashtra,910771
1106,819,570 Main Street,Ahmedabad,Gujarat,799354
1107,819,652 Main Street,Ahmedabad,Gujarat,946994
1108,820,194 Main Street,Nagpur,Maharashtra,265840
1109,821,188 Main Street,Chennai,Tamil Nadu,147604
1110,822,168 Main Street,Kochi,Kerala,850255
1111,823,119 Main Street,Jaipur,Rajasthan,628951
1112,824,366 Main Street,Hyderabad,Telangana,853470
1113,825,469 Main Street,Gurugram,Haryana,626935
1114,826,738 Main Street,Chennai,Tamil Nadu,265245
1115,827,96 Main Street,Ahmedabad,Gujarat,323630
1116,828,185 Main Street,Bengaluru,Karnataka,985512
1117,828,173 Main Street,Bengaluru,Karnataka,896365
1118,829,280 Main Street,Ahmedabad,Gujarat,700607
1119,830,600 Main Street,Ahmedabad,Gujarat,332713
1120,830,598 Main Street,Ahmedabad,Gujarat,114326
1121,831,585 Main Street,Ahmedabad,Gujarat,299340
1122,832,79 Main Street,Chennai,Tamil Nadu,368114
1123,833,694 Main Street,Nagpur,Maharashtra,208886
1124,833,909 Main Street,Nagpur,Maharashtra,454622
1125,834,698 Main Street,Chennai,Tamil Nadu,823702
1126,835,383 Main Street,Nashik,Maharashtra,729014
1127,836,109 Main Street,Chennai,Tamil Nadu,987634
1128,836,332 Main Street,Chennai,Tamil Nadu,271245
1129,837,472 Main Street,Delhi,Delhi,981051
1130,838,492 Main Street,Delhi,Delhi,586111
1131,838,644 Main Street,Delhi,Delhi,392400
1132,839,6 Main Street,Gurugram,Haryana,455429
1133,840,672 Main Street,Gurugram,Haryana,762596
1134,840,974 Main Street,Gurugram,Haryana,585111
1135,841,750 Main Street,Hyderabad,Telangana,879989
1136,842,817 Main Street,Indore,Madhya Pradesh,706805
1137,842,133 Main Street,Indore,Madhya Pradesh,331634
1138,843,821 Main Street,Indore,Madhya Pradesh,784909
1139,843,290 Main Street,Indore,Madhya Pradesh,448869
1140,844,762 Main Street,Indore,Madhya Pradesh,184159
1141,844,561 Main Street,Indore,Madhya Pradesh,741548
1142,845,409 Main Street,Jaipur,Rajasthan,377558
1143,846,989 Main Street,Pune,Maharashtra,918323
1144,847,92 Main Street,Noida,Uttar Pradesh,131508
1145,847,873 Main Street,Noida,Uttar Pradesh,328337
1146,848,799 Main Street,Nashik,Maharashtra,531943
1147,849,771 Main Street,Kochi,Kerala,795836
1148,850,306 Main Street,Delhi,Delhi,624688
1149,851,754 Main Street,Gurugram,Haryana,955522
1150,851,944 Main Street,Gurugram,Haryana,435164
1151,852,618 Main Street,Jaipur,Rajasthan,247664
1152,852,368 Main Street,Jaipur,Rajasthan,807848
1153,853,377 Main Street,Bengaluru,Karnataka,647555
1154,854,457 Main Street,Bengaluru,Karnataka,516941
1155,855,577 Main Street,Hyderabad,Telangana,739502
1156,856,775 Main Street,Bengaluru,Karnataka,553061
1157,857,629 Main Street,Bengaluru,Karnataka,305408
1158,857,445 Main Street,Bengaluru,Karnataka,771322
1159,858,42 Main Street,Jaipur,Rajasthan,648277
1160,859,475 Main Street,Noida,Uttar Pradesh,819298
1161,860,703 Main Street,Mumbai,Maharashtra,858301
1162,861,508 Main Street,Noida,Uttar Pradesh,662891
1163,862,538 Main Street,Pune,Maharashtra,198049
1164,863,448 Main Street,Indore,Madhya Pradesh,193029
1165,864,490 Main Street,Ahmedabad,Gujarat,424985
1166,864,153 Main Street,Ahmedabad,Gujarat,243997
1167,865,308 Main Street,Nagpur,Maharashtra,992416
1168,865,255 Main Street,Nagpur,Maharashtra,658501
1169,866,583 Main Street,Delhi,Delhi,160046
1170,867,940 Main Street,Kochi,Kerala,157285
1171,868,523 Main Street,Indore,Madhya Pradesh,555554
1172,869,476 Main Street,Noida,Uttar Pradesh,802956
1173,870,833 Main Street,Indore,Madhya Pradesh,375688
1174,870,364 Main Street,Indore,Madhya Pradesh,377240
1175,871,788 Main Street,Noida,Uttar Pradesh,637899
1176,872,759 Main Street,Ahmedabad,Gujarat,803715
1177,873,806 Main Street,Ahmedabad,Gujarat,301059
1178,874,47 Main Street,Indore,Madhya Pradesh,197336
1179,874,427 Main Street,Indore,Madhya Pradesh,848594
1180,875,602 Main Street,Jaipur,Rajasthan,869268
1181,876,687 Main Street,Nagpur,Maharashtra,581804
1182,877,272 Main Street,Jaipur,Rajasthan,467915
1183,878,893 Main Street,Hyderabad,Telangana,959352
1184,878,192 Main Street,Hyderabad,Telangana,331321
1185,879,765 Main Street,Indore,Madhya Pradesh,743395
1186,880,690 Main Street,Bengaluru,Karnataka,221495
1187,881,19 Main Street,Jaipur,Rajasthan,116131
1188,882,14 Main Street,Chennai,Tamil Nadu,290077
1189,883,472 Main Street,Delhi,Delhi,835411
1190,883,415 Main Street,Delhi,Delhi,799666
1191,884,617 Main Street,Nashik,Maharashtra,871173
1192,884,499 Main Street,Nashik,Maharashtra,427508
1193,885,998 Main Street,Kochi,Kerala,756703
1194,886,690 Main Street,Nagpur,Maharashtra,833825
1195,887,824 Main Street,Nagpur,Maharashtra,427358
1196,887,90 Main Street,Nagpur,Maharashtra,241165
1197,888,196 Main Street,Nashik,Maharashtra,227348
1198,889,713 Main Street,Gurugram,Haryana,307364
1199,889,880 Main Street,Gurugram,Haryana,138117
1200,890,665 Main Street,Bengaluru,Karnataka,262205
1201,891,447 Main Street,Jaipur,Rajasthan,992995
1202,892,809 Main Street,Gurugram,Haryana,674744
1203,893,309 Main Street,Gurugram,Haryana,917111
1204,894,486 Main Street,Kochi,Kerala,552372
1205,895,171 Main Street,Mumbai,Maharashtra,269826
1206,896,456 Main Street,Kolkata,West Bengal,618608
1207,896,483 Main Street,Kolkata,West Bengal,130581
1208,897,600 Main Street,Jaipur,Rajasthan,364415
1209,897,207 Main Street,Jaipur,Rajasthan,419153
1210,898,854 Main Street,Mumbai,Maharashtra,520762
1211,899,9 Main Street,Ahmedabad,Gujarat,217650
1212,900,731 Main Street,Bengaluru,Karnataka,562762
1213,901,869 Main Street,Gurugram,Haryana,629782
1214,901,755 Main Street,Gurugram,Haryana,716770
1215,902,568 Main Street,Noida,Uttar Pradesh,414899
1216,903,410 Main Street,Noida,Uttar Pradesh,619713
1217,904,743 Main Street,Bengaluru,Karnataka,751199
1218,905,927 Main Street,Hyderabad,Telangana,966360
1219,905,889 Main Street,Hyderabad,Telangana,621601
1220,906,63 Main Street,Bengaluru,Karnataka,663971
1221,907,591 Main Street,Nashik,Maharashtra,441192
1222,908,275 Main Street,Hyderabad,Telangana,789792
1223,909,485 Main Street,Bengaluru,Karnataka,232621
1224,910,962 Main Street,Chennai,Tamil Nadu,787568
1225,911,715 Main Street,Kochi,Kerala,567420
1226,912,295 Main Street,Noida,Uttar Pradesh,871485
1227,913,353 Main Street,Bengaluru,Karnataka,569392
1228,914,225 Main Street,Nagpur,Maharashtra,726204
1229,915,348 Main Street,Bengaluru,Karnataka,741347
1230,915,874 Main Street,Bengaluru,Karnataka,993390
1231,916,480 Main Street,Indore,Madhya Pradesh,247529
1232,916,905 Main Street,Indore,Madhya Pradesh,417645
1233,917,400 Main Street,Nashik,Maharashtra,547110
1234,917,854 Main Street,Nashik,Maharashtra,815804
1235,918,369 Main Street,Ahmedabad,Gujarat,944637
1236,918,484 Main Street,Ahmedabad,Gujarat,948603
1237,919,166 Main Street,Kochi,Kerala,762048
1238,919,213 Main Street,Kochi,Kerala,406177
1239,920,89 Main Street,Indore,Madhya Pradesh,809459
1240,920,495 Main Street,Indore,Madhya Pradesh,245367
1241,921,161 Main Street,Delhi,Delhi,745173
1242,922,813 Main Street,Kochi,Kerala,546191
1243,923,506 Main Street,Ahmedabad,Gujarat,428402
1244,923,241 Main Street,Ahmedabad,Gujarat,329606
1245,924,19 Main Street,Nagpur,Maharashtra,486215
1246,925,366 Main Street,Nagpur,Maharashtra,819810
1247,925,163 Main Street,Nagpur,Maharashtra,293201
1248,926,916 Main Street,Bengaluru,Karnataka,637935
1249,926,33 Main Street,Bengaluru,Karnataka,956007
1250,927,441 Main Street,Nagpur,Maharashtra,229505
1251,928,124 Main Street,Delhi,Delhi,699280
1252,929,265 Main Street,Delhi,Delhi,466855
1253,930,788 Main Street,Hyderabad,Telangana,158943
1254,930,789 Main Street,Hyderabad,Telangana,694080
1255,931,155 Main Street,Noida,Uttar Pradesh,833659
1256,932,619 Main Street,Chennai,Tamil Nadu,812006
1257,932,107 Main Street,Chennai,Tamil Nadu,850719
1258,933,969 Main Street,Bengaluru,Karnataka,569094
1259,934,986 Main Street,Bengaluru,Karnataka,992478
1260,934,774 Main Street,Bengaluru,Karnataka,226319
1261,935,801 Main Street,Bengaluru,Karnataka,750231
1262,935,625 Main Street,Bengaluru,Karnataka,930150
1263,936,105 Main Street,Hyderabad,Telangana,973617
1264,936,576 Main Street,Hyderabad,Telangana,154008
1265,937,172 Main Street,Hyderabad,Telangana,770525
1266,938,211 Main Street,Indore,Madhya Pradesh,489205
1267,939,300 Main Street,Nagpur,Maharashtra,852563
1268,940,519 Main Street,Nagpur,Maharashtra,632600
1269,941,102 Main Street,Mumbai,Maharashtra,271790
1270,941,663 Main Street,Mumbai,Maharashtra,491405
1271,942,142 Main Street,Noida,Uttar Pradesh,238957
1272,943,450 Main Street,Jaipur,Rajasthan,545945
1273,943,788 Main Street,Jaipur,Rajasthan,916389
1274,944,855 Main Street,Pune,Maharashtra,958450
1275,945,294 Main Street,Bengaluru,Karnataka,639554
1276,946,273 Main Street,Jaipur,Rajasthan,500527
1277,947,425 Main Street,Jaipur,Rajasthan,488162
1278,947,645 Main Street,Jaipur,Rajasthan,807298
1279,948,772 Main Street,Nagpur,Maharashtra,900109
1280,949,807 Main Street,Ahmedabad,Gujarat,349266
1281,950,440 Main Street,Gurugram,Haryana,543491
1282,951,920 Main Street,Kochi,Kerala,591037
1283,951,975 Main Street,Kochi,Kerala,651228
1284,952,371 Main Street,Bengaluru,Karnataka,141208
1285,952,454 Main Street,Bengaluru,Karnataka,262656
1286,953,735 Main Street,Nashik,Maharashtra,955411
1287,953,530 Main Street,Nashik,Maharashtra,182961
1288,954,323 Main Street,Jaipur,Rajasthan,531161
1289,955,169 Main Street,Jaipur,Rajasthan,565157
1290,955,63 Main Street,Jaipur,Rajasthan,522369
1291,956,677 Main Street,Pune,Maharashtra,782625
1292,956,155 Main Street,Pune,Maharashtra,712466
1293,957,647 Main Street,Gurugram,Haryana,858022
1294,958,897 Main Street,Kochi,Kerala,655027
1295,958,997 Main Street,Kochi,Kerala,420089
1296,959,908 Main Street,Hyderabad,Telangana,823944
1297,960,895 Main Street,Kolkata,West Bengal,429105
1298,960,739 Main Street,Kolkata,West Bengal,888774
1299,961,353 Main Street,Nagpur,Maharashtra,118286
1300,962,922 Main Street,Bengaluru,Karnataka,663429
1301,962,626 Main Street,Bengaluru,Karnataka,263995
1302,963,457 Main Street,Delhi,Delhi,785156
1303,963,211 Main Street,Delhi,Delhi,680871
1304,964,634 Main Street,Chennai,Tamil Nadu,793710
1305,965,354 Main Street,Kolkata,West Bengal,961266
1306,966,415 Main Street,Mumbai,Maharashtra,923066
1307,966,203 Main Street,Mumbai,Maharashtra,426178
1308,967,551 Main Street,Gurugram,Haryana,460741
1309,968,737 Main Street,Delhi,Delhi,886000
1310,969,533 Main Street,Indore,Madhya Pradesh,677059
1311,969,291 Main Street,Indore,Madhya Pradesh,334116
1312,970,566 Main Street,Delhi,Delhi,437420
1313,971,776 Main Street,Hyderabad,Telangana,776564
1314,972,29 Main Street,Chennai,Tamil Nadu,945294
1315,973,265 Main Street,Jaipur,Rajasthan,363063
1316,974,312 Main Street,Ahmedabad,Gujarat,871800
1317,974,433 Main Street,Ahmedabad,Gujarat,639818
1318,975,62 Main Street,Gurugram,Haryana,992464
1319,976,643 Main Street,Nagpur,Maharashtra,642151
1320,977,49 Main Street,Jaipur,Rajasthan,903310
1321,978,128 Main Street,Kochi,Kerala,580534
1322,978,306 Main Street,Kochi,Kerala,710241
1323,979,465 Main Street,Hyderabad,Telangana,465446
1324,979,242 Main Street,Hyderabad,Telangana,954510
1325,980,596 Main Street,Jaipur,Rajasthan,703071
1326,980,732 Main Street,Jaipur,Rajasthan,768237
1327,981,865 Main Street,Gurugram,Haryana,734478
1328,981,240 Main Street,Gurugram,Haryana,477355
1329,982,683 Main Street,Gurugram,Haryana,932911
1330,983,587 Main Street,Mumbai,Maharashtra,815097
1331,983,144 Main Street,Mumbai,Maharashtra,859051
1332,984,756 Main Street,Noida,Uttar Pradesh,369662
1333,985,529 Main Street,Ahmedabad,Gujarat,720658
1334,986,798 Main Street,Jaipur,Rajasthan,488816
1335,987,151 Main Street,Kochi,Kerala,856209
1336,988,422 Main Street,Kolkata,West Bengal,195927
1337,989,436 Main Street,Hyderabad,Telangana,246381
1338,990,457 Main Street,Nashik,Maharashtra,191865
1339,991,539 Main Street,Kolkata,West Bengal,532317
1340,992,532 Main Street,Pune,Maharashtra,926656
1341,993,271 Main Street,Kochi,Kerala,722686
1342,994,434 Main Street,Nashik,Maharashtra,571457
1343,995,971 Main Street,Kochi,Kerala,623321
1344,995,750 Main Street,Kochi,Kerala,547174
1345,996,148 Main Street,Delhi,Delhi,640354
1346,996,131 Main Street,Delhi,Delhi,618312
1347,997,133 Main Street,Ahmedabad,Gujarat,848747
1348,997,526 Main Street,Ahmedabad,Gujarat,664844
1349,998,218 Main Street,Ahmedabad,Gujarat,587555
1350,999,765 Main Street,Chennai,Tamil Nadu,274458
1351,1000,379 Main Street,Gurugram,Haryana,234535
1352,1000,617 Main Street,Gurugram,Haryana,538468
