product_id,product_name,category,subcategory,price,cost,stock,supplier_id
1,Smartphones Product 001,Electronics,Smartphones,26719.69,15068.49,349,9
2,Smartphones Product 002,Electronics,Smartphones,88335.13,58701.21,495,12
3,Smartphones Product 003,Electronics,Smartphones,45747.29,31068.03,170,46
4,Smartphones Product 004,Electronics,Smartphones,11094.15,6281.93,250,38
5,Smartphones Product 005,Electronics,Smartphones,51700.93,34647.99,218,44
6,Smartphones Product 006,Electronics,Smartphones,67509.89,49124.14,151,28
7,Smartphones Product 007,Electronics,Smartphones,72900.79,45380.81,17,25
8,Smartphones Product 008,Electronics,Smartphones,13763.14,9237.6,107,18
9,Smartphones Product 009,Electronics,Smartphones,67716.5,34068.76,151,44
10,Laptops Product 010,Electronics,Laptops,23150.04,16829.99,358,19
11,Laptops Product 011,Electronics,Laptops,18996.88,11941.19,188,29
12,Laptops Product 012,Electronics,Laptops,9941.22,7321.23,383,36
13,Laptops Product 013,Electronics,Laptops,77943.86,54170.69,292,25
14,Laptops Product 014,Electronics,Laptops,21993.52,15589.48,413,45
15,Laptops Product 015,Electronics,Laptops,26457.37,17707.46,479,25
16,Laptops Product 016,Electronics,Laptops,35369.87,27083.12,355,21
17,Laptops Product 017,Electronics,Laptops,86952.32,40672.36,385,17
18,Laptops Product 018,Electronics,Laptops,18915.38,13935.35,445,29
19,Audio Product 019,Electronics,Audio,74834.53,56185.05,365,46
20,Audio Product 020,Electronics,Audio,58568.81,40950.47,284,48
21,Audio Product 021,Electronics,Audio,54622.12,38570.23,498,13
22,Audio Product 022,Electronics,Audio,27040.65,13751.54,354,5
23,Audio Product 023,Electronics,Audio,17478.31,8867.66,268,8
24,Audio Product 024,Electronics,Audio,34446.08,20371.67,289,17
25,Audio Product 025,Electronics,Audio,12401.93,7970.91,135,1
26,Audio Product 026,Electronics,Audio,30286.2,20721.74,84,3
27,Audio Product 027,Electronics,Audio,14510.34,8074.54,31,50
28,Accessories Product 028,Electronics,Accessories,83968.46,54844.07,343,20
29,Accessories Product 029,Electronics,Accessories,44557.14,28471.27,188,5
30,Accessories Product 030,Electronics,Accessories,70735.61,39250.73,117,12
31,Accessories Product 031,Electronics,Accessories,47238.08,33513.77,86,27
32,Accessories Product 032,Electronics,Accessories,49242.75,28714.81,183,15
33,Accessories Product 033,Electronics,Accessories,79598.99,53243.79,174,24
34,Accessories Product 034,Electronics,Accessories,26986.83,20607.19,321,34
35,Accessories Product 035,Electronics,Accessories,43157.26,27415.24,390,42
36,Accessories Product 036,Electronics,Accessories,1585.29,1063.33,233,16
37,Kitchen Product 037,Home,Kitchen,45253.47,29528.86,323,16
38,Kitchen Product 038,Home,Kitchen,47957.17,32382.69,169,25
39,Kitchen Product 039,Home,Kitchen,45821.84,34909.18,202,17
40,Kitchen Product 040,Home,Kitchen,27149.79,14751.39,471,34
41,Kitchen Product 041,Home,Kitchen,41158.82,23614.3,416,33
42,Kitchen Product 042,Home,Kitchen,22444.18,10424.67,464,42
43,Kitchen Product 043,Home,Kitchen,9867.87,6113.99,490,7
44,Kitchen Product 044,Home,Kitchen,8619.52,6598.86,280,35
45,Kitchen Product 045,Home,Kitchen,664.33,313.3,348,41
46,Furniture Product 046,Home,Furniture,38747.04,28495.88,222,7
47,Furniture Product 047,Home,Furniture,10517.3,7609.13,454,48
48,Furniture Product 048,Home,Furniture,38827.78,25757.0,486,5
49,Furniture Product 049,Home,Furniture,37420.47,18737.89,240,46
50,Furniture Product 050,Home,Furniture,16786.25,8038.63,32,12
51,Furniture Product 051,Home,Furniture,39772.47,25222.42,299,15
52,Furniture Product 052,Home,Furniture,45576.03,26640.05,235,41
53,Furniture Product 053,Home,Furniture,20401.07,11310.63,204,44
54,Furniture Product 054,Home,Furniture,6179.8,2792.94,373,40
55,Storage Product 055,Home,Storage,3442.91,2396.83,28,45
56,Storage Product 056,Home,Storage,42458.09,24117.94,262,7
57,Storage Product 057,Home,Storage,14704.88,9945.5,315,6
58,Storage Product 058,Home,Storage,14291.42,10801.57,200,26
59,Storage Product 059,Home,Storage,41159.48,18940.37,85,35
60,Storage Product 060,Home,Storage,11227.33,7819.04,412,35
61,Storage Product 061,Home,Storage,14960.43,9862.44,157,44
62,Storage Product 062,Home,Storage,44382.81,34111.32,448,47
63,Storage Product 063,Home,Storage,32502.65,24895.06,10,36
64,Appliances Product 064,Home,Appliances,43775.92,21741.46,26,1
65,Appliances Product 065,Home,Appliances,28764.11,16684.53,285,6
66,Appliances Product 066,Home,Appliances,15443.15,10762.92,467,47
67,Appliances Product 067,Home,Appliances,17389.43,10193.27,335,33
68,Appliances Product 068,Home,Appliances,7380.02,3769.11,320,17
69,Appliances Product 069,Home,Appliances,9958.01,5077.07,414,37
70,Appliances Product 070,Home,Appliances,42656.88,31180.39,482,36
71,Appliances Product 071,Home,Appliances,23224.88,14663.94,153,43
72,Appliances Product 072,Home,Appliances,3647.93,1759.79,376,38
73,Men Product 073,Fashion,Men,7436.06,4158.1,70,43
74,Men Product 074,Fashion,Men,9918.23,4790.65,322,5
75,Men Product 075,Fashion,Men,13526.75,7505.58,235,22
76,Men Product 076,Fashion,Men,9341.05,5145.73,304,10
77,Men Product 077,Fashion,Men,8591.89,4899.81,166,28
78,Men Product 078,Fashion,Men,2737.43,1514.79,407,15
79,Men Product 079,Fashion,Men,10754.94,7114.14,146,24
80,Men Product 080,Fashion,Men,2231.01,1543.59,454,31
81,Men Product 081,Fashion,Men,7077.01,4022.46,161,32
82,Women Product 082,Fashion,Women,8387.16,4260.71,315,6
83,Women Product 083,Fashion,Women,12666.45,9289.26,76,35
84,Women Product 084,Fashion,Women,3147.37,2178.2,325,5
85,Women Product 085,Fashion,Women,10979.52,8173.1,439,33
86,Women Product 086,Fashion,Women,9566.49,6870.39,301,26
87,Women Product 087,Fashion,Women,11595.7,6032.21,23,36
88,Women Product 088,Fashion,Women,4094.09,3050.16,281,31
89,Women Product 089,Fashion,Women,9895.15,4938.16,205,15
90,Women Product 090,Fashion,Women,13398.7,8636.38,443,19
91,Footwear Product 091,Fashion,Footwear,2224.75,1369.05,51,26
92,Footwear Product 092,Fashion,Footwear,5617.02,2547.29,127,40
93,Footwear Product 093,Fashion,Footwear,10341.38,7237.7,76,29
94,Footwear Product 094,Fashion,Footwear,2598.53,1655.0,294,43
95,Footwear Product 095,Fashion,Footwear,13114.88,6534.43,379,31
96,Footwear Product 096,Fashion,Footwear,14102.84,6534.39,394,32
97,Footwear Product 097,Fashion,Footwear,3668.31,1970.75,124,3
98,Footwear Product 098,Fashion,Footwear,10111.64,6278.34,410,24
99,Footwear Product 099,Fashion,Footwear,5974.37,4498.15,456,3
100,Accessories Product 100,Fashion,Accessories,838.59,556.83,57,46
101,Accessories Product 101,Fashion,Accessories,14534.51,9579.36,145,48
102,Accessories Product 102,Fashion,Accessories,4133.91,2602.86,94,25
103,Accessories Product 103,Fashion,Accessories,9891.71,5643.69,339,5
104,Accessories Product 104,Fashion,Accessories,7870.78,4519.31,469,15
105,Accessories Product 105,Fashion,Accessories,7866.48,4456.02,449,23
106,Accessories Product 106,Fashion,Accessories,7431.21,4526.32,314,1
107,Accessories Product 107,Fashion,Accessories,7652.1,3794.37,89,15
108,Accessories Product 108,Fashion,Accessories,1387.05,918.71,113,10
109,Skincare Product 109,Beauty,Skincare,1617.21,921.06,372,8
110,Skincare Product 110,Beauty,Skincare,5339.71,3133.46,174,47
111,Skincare Product 111,Beauty,Skincare,1039.71,699.54,250,14
112,Skincare Product 112,Beauty,Skincare,4787.71,3177.1,215,2
113,Skincare Product 113,Beauty,Skincare,2062.81,1015.32,308,11
114,Skincare Product 114,Beauty,Skincare,1207.58,747.7,461,37
115,Skincare Product 115,Beauty,Skincare,1302.89,657.82,477,12
116,Skincare Product 116,Beauty,Skincare,4205.63,2455.25,293,41
117,Skincare Product 117,Beauty,Skincare,296.17,203.6,343,19
118,Haircare Product 118,Beauty,Haircare,7585.94,3955.88,315,31
119,Haircare Product 119,Beauty,Haircare,6958.32,3522.91,430,27
120,Haircare Product 120,Beauty,Haircare,4866.58,3466.09,425,50
121,Haircare Product 121,Beauty,Haircare,1577.79,1053.47,140,11
122,Haircare Product 122,Beauty,Haircare,5834.87,3285.51,237,39
123,Haircare Product 123,Beauty,Haircare,4786.18,2516.76,202,9
124,Haircare Product 124,Beauty,Haircare,1002.28,517.95,445,33
125,Haircare Product 125,Beauty,Haircare,5522.29,3991.23,315,7
126,Haircare Product 126,Beauty,Haircare,1542.76,1153.26,312,3
127,Makeup Product 127,Beauty,Makeup,7040.36,4402.84,390,8
128,Makeup Product 128,Beauty,Makeup,881.54,588.52,466,39
129,Makeup Product 129,Beauty,Makeup,4383.39,1974.26,485,50
130,Makeup Product 130,Beauty,Makeup,5476.69,3244.36,220,24
131,Makeup Product 131,Beauty,Makeup,7017.37,4773.37,224,15
132,Makeup Product 132,Beauty,Makeup,7516.61,4578.37,398,25
133,Makeup Product 133,Beauty,Makeup,2901.56,2076.14,469,49
134,Makeup Product 134,Beauty,Makeup,6721.95,4302.85,222,9
135,Makeup Product 135,Beauty,Makeup,2147.97,1509.45,470,6
136,Personal Care Product 136,Beauty,Personal Care,2373.64,1754.91,214,17
137,Personal Care Product 137,Beauty,Personal Care,1633.81,1117.56,409,1
138,Personal Care Product 138,Beauty,Personal Care,4687.2,2291.49,8,25
139,Personal Care Product 139,Beauty,Personal Care,5288.19,3579.91,166,27
140,Personal Care Product 140,Beauty,Personal Care,2993.82,1500.13,338,38
141,Personal Care Product 141,Beauty,Personal Care,2141.02,1567.53,221,37
142,Personal Care Product 142,Beauty,Personal Care,3020.31,1633.79,353,26
143,Personal Care Product 143,Beauty,Personal Care,6076.53,3563.07,406,36
144,Personal Care Product 144,Beauty,Personal Care,3937.37,2252.85,289,31
145,Fitness Product 145,Sports,Fitness,6568.31,3620.42,181,50
146,Fitness Product 146,Sports,Fitness,17725.72,12280.52,442,43
147,Fitness Product 147,Sports,Fitness,3241.42,1704.42,405,45
148,Fitness Product 148,Sports,Fitness,23746.36,11471.68,265,26
149,Fitness Product 149,Sports,Fitness,19716.2,14082.92,319,45
150,Fitness Product 150,Sports,Fitness,17208.74,8039.53,204,41
151,Fitness Product 151,Sports,Fitness,430.68,206.75,79,31
152,Fitness Product 152,Sports,Fitness,23168.79,13754.72,37,17
153,Fitness Product 153,Sports,Fitness,5777.73,2752.59,24,47
154,Running Product 154,Sports,Running,9792.85,7588.16,319,42
155,Running Product 155,Sports,Running,13168.84,9018.42,310,4
156,Running Product 156,Sports,Running,23659.18,17050.59,332,32
157,Running Product 157,Sports,Running,11142.61,5755.86,341,34
158,Running Product 158,Sports,Running,7364.36,3395.64,311,33
159,Running Product 159,Sports,Running,13040.6,6865.24,91,44
160,Running Product 160,Sports,Running,1190.71,629.83,5,11
161,Running Product 161,Sports,Running,2445.02,1322.9,209,23
162,Running Product 162,Sports,Running,16840.65,9831.55,107,34
163,Outdoor Product 163,Sports,Outdoor,679.55,463.59,475,6
164,Outdoor Product 164,Sports,Outdoor,13874.94,9568.52,291,38
165,Outdoor Product 165,Sports,Outdoor,8897.95,6832.6,146,15
166,Outdoor Product 166,Sports,Outdoor,15277.18,7855.42,481,26
167,Outdoor Product 167,Sports,Outdoor,14500.2,7774.51,213,33
168,Outdoor Product 168,Sports,Outdoor,2929.68,1388.34,155,22
169,Outdoor Product 169,Sports,Outdoor,23691.28,16938.58,494,17
170,Outdoor Product 170,Sports,Outdoor,21939.99,15760.34,299,17
171,Outdoor Product 171,Sports,Outdoor,17446.54,13412.87,293,31
172,Equipment Product 172,Sports,Equipment,19318.19,13522.08,497,50
173,Equipment Product 173,Sports,Equipment,11633.56,7003.84,305,2
174,Equipment Product 174,Sports,Equipment,12204.66,6530.48,200,41
175,Equipment Product 175,Sports,Equipment,19779.8,10339.42,364,15
176,Equipment Product 176,Sports,Equipment,20063.99,11759.52,185,34
177,Equipment Product 177,Sports,Equipment,13530.6,9217.99,139,16
178,Equipment Product 178,Sports,Equipment,7396.05,4301.89,388,22
179,Equipment Product 179,Sports,Equipment,2177.91,1649.46,248,21
180,Equipment Product 180,Sports,Equipment,9032.39,6730.25,142,12
181,Fiction Product 181,Books,Fiction,4743.52,3203.89,470,13
182,Fiction Product 182,Books,Fiction,2570.15,1325.91,381,16
183,Fiction Product 183,Books,Fiction,4382.8,2271.33,108,16
184,Fiction Product 184,Books,Fiction,4206.22,2386.98,403,7
185,Fiction Product 185,Books,Fiction,731.41,348.08,494,43
186,Fiction Product 186,Books,Fiction,2539.42,1148.29,443,35
187,Fiction Product 187,Books,Fiction,4796.27,3500.53,195,40
188,Fiction Product 188,Books,Fiction,1679.77,1253.75,456,37
189,Fiction Product 189,Books,Fiction,4363.53,2670.33,396,33
190,Education Product 190,Books,Education,1509.29,789.8,300,9
191,Education Product 191,Books,Education,412.62,294.51,249,35
192,Education Product 192,Books,Education,307.93,173.86,445,44
193,Education Product 193,Books,Education,3913.13,2351.3,66,45
194,Education Product 194,Books,Education,2663.29,1475.9,9,1
195,Education Product 195,Books,Education,3419.4,1966.88,56,21
196,Education Product 196,Books,Education,1903.77,1398.14,100,36
197,Education Product 197,Books,Education,1424.82,767.84,495,40
198,Education Product 198,Books,Education,1814.02,926.4,222,14
199,Business Product 199,Books,Business,2182.6,1523.95,191,26
200,Business Product 200,Books,Business,1506.2,767.2,72,37
201,Business Product 201,Books,Business,3477.16,2498.98,374,18
202,Business Product 202,Books,Business,4049.82,2564.6,443,25
203,Business Product 203,Books,Business,1100.91,786.06,383,10
204,Business Product 204,Books,Business,2443.99,1107.65,220,32
205,Business Product 205,Books,Business,802.19,597.45,327,34
206,Business Product 206,Books,Business,2739.82,1518.38,254,20
207,Business Product 207,Books,Business,1367.22,1002.59,29,26
208,Technology Product 208,Books,Technology,630.03,317.47,115,17
209,Technology Product 209,Books,Technology,2461.22,1619.12,235,48
210,Technology Product 210,Books,Technology,1773.08,1009.09,291,36
211,Technology Product 211,Books,Technology,4669.45,2498.37,15,27
212,Technology Product 212,Books,Technology,738.0,543.34,498,39
213,Technology Product 213,Books,Technology,1114.95,713.62,337,35
214,Technology Product 214,Books,Technology,996.51,705.03,186,21
215,Technology Product 215,Books,Technology,3414.99,2086.12,382,29
216,Technology Product 216,Books,Technology,4464.72,2570.58,151,30
217,Snacks Product 217,Grocery,Snacks,2545.26,1267.03,90,41
218,Snacks Product 218,Grocery,Snacks,3240.48,1819.01,328,40
219,Snacks Product 219,Grocery,Snacks,2307.97,1685.13,41,6
220,Snacks Product 220,Grocery,Snacks,689.9,362.41,167,42
221,Snacks Product 221,Grocery,Snacks,1200.86,646.38,335,26
222,Snacks Product 222,Grocery,Snacks,1121.43,669.29,446,24
223,Snacks Product 223,Grocery,Snacks,3004.19,1868.33,235,27
224,Snacks Product 224,Grocery,Snacks,710.91,520.31,69,47
225,Snacks Product 225,Grocery,Snacks,976.78,520.67,385,45
226,Beverages Product 226,Grocery,Beverages,3011.47,1564.42,208,7
227,Beverages Product 227,Grocery,Beverages,427.44,324.49,247,36
228,Beverages Product 228,Grocery,Beverages,262.61,184.98,273,49
229,Beverages Product 229,Grocery,Beverages,3984.25,1929.56,321,10
230,Beverages Product 230,Grocery,Beverages,383.03,290.12,204,20
231,Beverages Product 231,Grocery,Beverages,955.96,662.87,231,41
232,Beverages Product 232,Grocery,Beverages,549.33,342.69,92,2
233,Beverages Product 233,Grocery,Beverages,188.86,107.23,473,21
234,Beverages Product 234,Grocery,Beverages,3463.75,2092.71,450,35
235,Staples Product 235,Grocery,Staples,3742.69,2361.71,74,45
236,Staples Product 236,Grocery,Staples,2180.19,1406.17,238,41
237,Staples Product 237,Grocery,Staples,3008.2,2224.58,227,34
238,Staples Product 238,Grocery,Staples,2577.16,1613.69,470,23
239,Staples Product 239,Grocery,Staples,1952.52,1024.98,50,29
240,Staples Product 240,Grocery,Staples,1266.08,741.96,84,20
241,Staples Product 241,Grocery,Staples,91.7,57.1,393,9
242,Staples Product 242,Grocery,Staples,1408.35,851.82,9,45
243,Staples Product 243,Grocery,Staples,3692.25,2815.33,249,20
244,Organic Product 244,Grocery,Organic,86.07,50.96,154,39
245,Organic Product 245,Grocery,Organic,963.3,435.78,196,13
246,Organic Product 246,Grocery,Organic,1676.36,1064.46,207,16
247,Organic Product 247,Grocery,Organic,694.91,481.75,204,25
248,Organic Product 248,Grocery,Organic,921.34,438.69,325,16
249,Organic Product 249,Grocery,Organic,2090.61,1492.67,318,45
250,Organic Product 250,Grocery,Organic,2754.33,1498.2,385,35
251,Organic Product 251,Grocery,Organic,3244.79,1902.29,441,5
252,Organic Product 252,Grocery,Organic,770.51,420.36,331,30
253,Educational Product 253,Toys,Educational,6253.75,3375.8,323,32
254,Educational Product 254,Toys,Educational,2040.34,931.21,30,35
255,Educational Product 255,Toys,Educational,416.88,321.36,149,18
256,Educational Product 256,Toys,Educational,1425.38,847.64,9,15
257,Educational Product 257,Toys,Educational,1083.93,493.04,116,22
258,Educational Product 258,Toys,Educational,4318.38,3062.98,260,24
259,Educational Product 259,Toys,Educational,4744.11,3373.87,174,6
260,Educational Product 260,Toys,Educational,8466.75,6468.96,33,18
261,Educational Product 261,Toys,Educational,7801.4,3694.41,245,12
262,Games Product 262,Toys,Games,2083.48,1516.16,423,25
263,Games Product 263,Toys,Games,8316.87,4077.32,398,46
264,Games Product 264,Toys,Games,2639.83,1859.77,231,16
265,Games Product 265,Toys,Games,7428.67,3425.05,240,48
266,Games Product 266,Toys,Games,7755.76,4823.9,111,31
267,Games Product 267,Toys,Games,4013.41,3079.09,484,21
268,Games Product 268,Toys,Games,1754.39,1211.09,386,36
269,Games Product 269,Toys,Games,5305.08,2830.75,331,20
270,Games Product 270,Toys,Games,2147.49,1595.33,447,43
271,Outdoor Product 271,Toys,Outdoor,2334.32,1137.44,329,28
272,Outdoor Product 272,Toys,Outdoor,3380.23,1707.79,146,38
273,Outdoor Product 273,Toys,Outdoor,1372.57,975.1,9,3
274,Outdoor Product 274,Toys,Outdoor,5894.55,3996.2,357,39
275,Outdoor Product 275,Toys,Outdoor,1718.92,1210.74,132,11
276,Outdoor Product 276,Toys,Outdoor,5099.21,3448.91,178,49
277,Outdoor Product 277,Toys,Outdoor,6326.3,2971.63,335,10
278,Outdoor Product 278,Toys,Outdoor,7073.02,5030.22,69,32
279,Outdoor Product 279,Toys,Outdoor,2480.21,1919.57,408,42
280,Puzzles Product 280,Toys,Puzzles,7615.64,5451.45,229,47
281,Puzzles Product 281,Toys,Puzzles,2091.06,1416.59,188,47
282,Puzzles Product 282,Toys,Puzzles,1520.38,1135.05,253,46
283,Puzzles Product 283,Toys,Puzzles,4487.5,2455.81,361,32
284,Puzzles Product 284,Toys,Puzzles,2059.8,1053.77,183,21
285,Puzzles Product 285,Toys,Puzzles,7377.54,3990.19,430,39
286,Puzzles Product 286,Toys,Puzzles,9161.85,5799.38,40,34
287,Puzzles Product 287,Toys,Puzzles,1719.25,941.41,139,35
288,Puzzles Product 288,Toys,Puzzles,3797.7,1709.87,331,33
289,Beverages Product 289,Grocery,Beverages,3537.58,2315.39,191,50
290,Makeup Product 290,Beauty,Makeup,5809.88,3876.56,280,25
291,Personal Care Product 291,Beauty,Personal Care,6161.01,3085.82,149,21
292,Staples Product 292,Grocery,Staples,486.33,302.82,39,3
293,Women Product 293,Fashion,Women,13134.02,6786.17,253,13
294,Kitchen Product 294,Home,Kitchen,28679.31,20820.57,341,32
295,Fitness Product 295,Sports,Fitness,9348.94,6076.48,41,1
296,Personal Care Product 296,Beauty,Personal Care,7437.97,5389.45,244,41
297,Audio Product 297,Electronics,Audio,50575.37,38418.09,217,24
298,Audio Product 298,Electronics,Audio,47988.66,33223.47,432,20
299,Furniture Product 299,Home,Furniture,48041.16,23158.21,376,15
300,Beverages Product 300,Grocery,Beverages,812.82,541.96,296,41
