supplier_id,supplier_name,city,state,country
1,Supplier 001,Nagpur,Maharashtra,India
2,Supplier 002,Chennai,Tamil Nadu,India
3,Supplier 003,Kochi,Kerala,India
4,Supplier 004,Nagpur,Maharashtra,India
5,Supplier 005,Pune,Maharashtra,India
6,Supplier 006,Delhi,Delhi,India
7,Supplier 007,Jaipur,Rajasthan,India
8,Supplier 008,Ahmedabad,Gujarat,India
9,Supplier 009,Ahmedabad,Gujarat,India
10,Supplier 010,Indore,Madhya Pradesh,India
11,Supplier 011,Hyderabad,Telangana,India
12,Supplier 012,Noida,Uttar Pradesh,India
13,Supplier 013,Indore,Madhya Pradesh,India
14,Supplier 014,Delhi,Delhi,India
15,Supplier 015,Delhi,Delhi,India
16,Supplier 016,Ahmedabad,Gujarat,India
17,Supplier 017,Indore,Madhya Pradesh,India
18,Supplier 018,Chennai,Tamil Nadu,India
19,Supplier 019,Kolkata,West Bengal,India
20,Supplier 020,Nashik,Maharashtra,India
21,Supplier 021,Bengaluru,Karnataka,India
22,Supplier 022,Delhi,Delhi,India
23,Supplier 023,Hyderabad,Telangana,India
24,Supplier 024,Bengaluru,Karnataka,India
25,Supplier 025,Gurugram,Haryana,India
26,Supplier 026,Kolkata,West Bengal,India
27,Supplier 027,Nagpur,Maharashtra,India
28,Supplier 028,Nagpur,Maharashtra,India
29,Supplier 029,Delhi,Delhi,India
30,Supplier 030,Ahmedabad,Gujarat,India
31,Supplier 031,Chennai,Tamil Nadu,India
32,Supplier 032,Indore,Madhya Pradesh,India
33,Supplier 033,Chennai,Tamil Nadu,India
34,Supplier 034,Noida,Uttar Pradesh,India
35,Supplier 035,Bengaluru,Karnataka,India
36,Supplier 036,Kochi,Kerala,India
37,Supplier 037,Chennai,Tamil Nadu,India
38,Supplier 038,Noida,Uttar Pradesh,India
39,Supplier 039,Kochi,Kerala,India
40,Supplier 040,Hyderabad,Telangana,India
41,Supplier 041,Chennai,Tamil Nadu,India
42,Supplier 042,Chennai,Tamil Nadu,India
43,Supplier 043,Indore,Madhya Pradesh,India
44,Supplier 044,Noida,Uttar Pradesh,India
45,Supplier 045,Jaipur,Rajasthan,India
46,Supplier 046,Nashik,Maharashtra,India
47,Supplier 047,Nashik,Maharashtra,India
48,Supplier 048,Nashik,Maharashtra,India
49,Supplier 049,Ahmedabad,Gujarat,India
50,Supplier 050,Chennai,Tamil Nadu,India
